group_code,marine_site_name,site_code,site_lat,site_long,ltm_lat,ltm_long,marine_sort_order,marine_common_year,season_name,marine_season_code,marine_common_season,min_survey_date,max_survey_date,target_assemblage,species_code,size_bin,total,num_plots_sampled,method_code,state_province,georegion,bioregion,mpa_designation,mpa_region,mpa_lt_region,mpa_name,island,site_type,last_updated
UCSC,Post Point,POP,48.7120018,-122.51913,48.7120018,-122.51913,3080,2009,Summer,SU09,114,8/16/2009,8/16/2009,sea_star,EVATRO,50,2,3,IP,Washington,WA Salish Sea,WA Salish Sea,NONE,NONE,NONE,NONE,Mainland,intertidal,6/6/2023 13:05
UCSC,Post Point,POP,48.7120018,-122.51913,48.7120018,-122.51913,3080,2009,Summer,SU09,114,8/16/2009,8/16/2009,sea_star,PISOCH,90,18,3,IP,Washington,WA Salish Sea,WA Salish Sea,NONE,NONE,NONE,NONE,Mainland,intertidal,6/6/2023 13:05
UCSC,Post Point,POP,48.7120018,-122.51913,48.7120018,-122.51913,3080,2009,Summer,SU09,114,8/16/2009,8/16/2009,sea_star,PISOCH,100,17,3,IP,Washington,WA Salish Sea,WA Salish Sea,NONE,NONE,NONE,NONE,Mainland,intertidal,6/6/2023 13:05
UCSC,Post Point,POP,48.7120018,-122.51913,48.7120018,-122.51913,3080,2009,Summer,SU09,114,8/16/2009,8/16/2009,sea_star,PISOCH,110,59,3,IP,Washington,WA Salish Sea,WA Salish Sea,NONE,NONE,NONE,NONE,Mainland,intertidal,6/6/2023 13:05
UCSC,Post Point,POP,48.7120018,-122.51913,48.7120018,-122.51913,3080,2009,Summer,SU09,114,8/16/2009,8/16/2009,sea_star,PISOCH,120,69,3,IP,Washington,WA Salish Sea,WA Salish Sea,NONE,NONE,NONE,NONE,Mainland,intertidal,6/6/2023 13:05
UCSC,Post Point,POP,48.7120018,-122.51913,48.7120018,-122.51913,3080,2009,Summer,SU09,114,8/16/2009,8/16/2009,sea_star,PISOCH,130,64,3,IP,Washington,WA Salish Sea,WA Salish Sea,NONE,NONE,NONE,NONE,Mainland,intertidal,6/6/2023 13:05
UCSC,Post Point,POP,48.7120018,-122.51913,48.7120018,-122.51913,3080,2009,Summer,SU09,114,8/16/2009,8/16/2009,sea_star,PISOCH,140,65,3,IP,Washington,WA Salish Sea,WA Salish Sea,NONE,NONE,NONE,NONE,Mainland,intertidal,6/6/2023 13:05
UCSC,Post Point,POP,48.7120018,-122.51913,48.7120018,-122.51913,3080,2009,Summer,SU09,114,8/16/2009,8/16/2009,sea_star,PISOCH,5,1,3,IP,Washington,WA Salish Sea,WA Salish Sea,NONE,NONE,NONE,NONE,Mainland,intertidal,6/6/2023 13:05
UCSC,Post Point,POP,48.7120018,-122.51913,48.7120018,-122.51913,3080,2009,Summer,SU09,114,8/16/2009,8/16/2009,sea_star,PISOCH,150,39,3,IP,Washington,WA Salish Sea,WA Salish Sea,NONE,NONE,NONE,NONE,Mainland,intertidal,6/6/2023 13:05
UCSC,Post Point,POP,48.7120018,-122.51913,48.7120018,-122.51913,3080,2009,Summer,SU09,114,8/16/2009,8/16/2009,sea_star,PISOCH,160,12,3,IP,Washington,WA Salish Sea,WA Salish Sea,NONE,NONE,NONE,NONE,Mainland,intertidal,6/6/2023 13:05
UCSC,Post Point,POP,48.7120018,-122.51913,48.7120018,-122.51913,3080,2009,Summer,SU09,114,8/16/2009,8/16/2009,sea_star,PISOCH,170,5,3,IP,Washington,WA Salish Sea,WA Salish Sea,NONE,NONE,NONE,NONE,Mainland,intertidal,6/6/2023 13:05
UCSC,Post Point,POP,48.7120018,-122.51913,48.7120018,-122.51913,3080,2009,Summer,SU09,114,8/16/2009,8/16/2009,sea_star,PISOCH,180,1,3,IP,Washington,WA Salish Sea,WA Salish Sea,NONE,NONE,NONE,NONE,Mainland,intertidal,6/6/2023 13:05
UCSC,Post Point,POP,48.7120018,-122.51913,48.7120018,-122.51913,3080,2009,Summer,SU09,114,8/16/2009,8/16/2009,sea_star,PISOCH,190,2,3,IP,Washington,WA Salish Sea,WA Salish Sea,NONE,NONE,NONE,NONE,Mainland,intertidal,6/6/2023 13:05
UCSC,Post Point,POP,48.7120018,-122.51913,48.7120018,-122.51913,3080,2009,Summer,SU09,114,8/16/2009,8/16/2009,sea_star,PISOCH,10,2,3,IP,Washington,WA Salish Sea,WA Salish Sea,NONE,NONE,NONE,NONE,Mainland,intertidal,6/6/2023 13:05
UCSC,Post Point,POP,48.7120018,-122.51913,48.7120018,-122.51913,3080,2009,Summer,SU09,114,8/16/2009,8/16/2009,sea_star,PISOCH,200,1,3,IP,Washington,WA Salish Sea,WA Salish Sea,NONE,NONE,NONE,NONE,Mainland,intertidal,6/6/2023 13:05
UCSC,Post Point,POP,48.7120018,-122.51913,48.7120018,-122.51913,3080,2009,Summer,SU09,114,8/16/2009,8/16/2009,sea_star,PISOCH,210,2,3,IP,Washington,WA Salish Sea,WA Salish Sea,NONE,NONE,NONE,NONE,Mainland,intertidal,6/6/2023 13:05
UCSC,Post Point,POP,48.7120018,-122.51913,48.7120018,-122.51913,3080,2009,Summer,SU09,114,8/16/2009,8/16/2009,sea_star,PISOCH,20,6,3,IP,Washington,WA Salish Sea,WA Salish Sea,NONE,NONE,NONE,NONE,Mainland,intertidal,6/6/2023 13:05
UCSC,Post Point,POP,48.7120018,-122.51913,48.7120018,-122.51913,3080,2009,Summer,SU09,114,8/16/2009,8/16/2009,sea_star,PISOCH,30,16,3,IP,Washington,WA Salish Sea,WA Salish Sea,NONE,NONE,NONE,NONE,Mainland,intertidal,6/6/2023 13:05
UCSC,Post Point,POP,48.7120018,-122.51913,48.7120018,-122.51913,3080,2009,Summer,SU09,114,8/16/2009,8/16/2009,sea_star,PISOCH,40,28,3,IP,Washington,WA Salish Sea,WA Salish Sea,NONE,NONE,NONE,NONE,Mainland,intertidal,6/6/2023 13:05
UCSC,Post Point,POP,48.7120018,-122.51913,48.7120018,-122.51913,3080,2009,Summer,SU09,114,8/16/2009,8/16/2009,sea_star,PISOCH,50,10,3,IP,Washington,WA Salish Sea,WA Salish Sea,NONE,NONE,NONE,NONE,Mainland,intertidal,6/6/2023 13:05
UCSC,Post Point,POP,48.7120018,-122.51913,48.7120018,-122.51913,3080,2009,Summer,SU09,114,8/16/2009,8/16/2009,sea_star,PISOCH,60,5,3,IP,Washington,WA Salish Sea,WA Salish Sea,NONE,NONE,NONE,NONE,Mainland,intertidal,6/6/2023 13:05
UCSC,Post Point,POP,48.7120018,-122.51913,48.7120018,-122.51913,3080,2009,Summer,SU09,114,8/16/2009,8/16/2009,sea_star,PISOCH,70,6,3,IP,Washington,WA Salish Sea,WA Salish Sea,NONE,NONE,NONE,NONE,Mainland,intertidal,6/6/2023 13:05
UCSC,Post Point,POP,48.7120018,-122.51913,48.7120018,-122.51913,3080,2009,Summer,SU09,114,8/16/2009,8/16/2009,sea_star,PISOCH,80,6,3,IP,Washington,WA Salish Sea,WA Salish Sea,NONE,NONE,NONE,NONE,Mainland,intertidal,6/6/2023 13:05
UCSC,Post Point,POP,48.7120018,-122.51913,48.7120018,-122.51913,3080,2010,Summer,SU10,118,8/7/2010,8/7/2010,sea_star,PISOCH,90,32,3,IP,Washington,WA Salish Sea,WA Salish Sea,NONE,NONE,NONE,NONE,Mainland,intertidal,6/6/2023 13:05
UCSC,Post Point,POP,48.7120018,-122.51913,48.7120018,-122.51913,3080,2010,Summer,SU10,118,8/7/2010,8/7/2010,sea_star,PISOCH,100,52,3,IP,Washington,WA Salish Sea,WA Salish Sea,NONE,NONE,NONE,NONE,Mainland,intertidal,6/6/2023 13:05
UCSC,Post Point,POP,48.7120018,-122.51913,48.7120018,-122.51913,3080,2010,Summer,SU10,118,8/7/2010,8/7/2010,sea_star,PISOCH,110,73,3,IP,Washington,WA Salish Sea,WA Salish Sea,NONE,NONE,NONE,NONE,Mainland,intertidal,6/6/2023 13:05
UCSC,Post Point,POP,48.7120018,-122.51913,48.7120018,-122.51913,3080,2010,Summer,SU10,118,8/7/2010,8/7/2010,sea_star,PISOCH,120,90,3,IP,Washington,WA Salish Sea,WA Salish Sea,NONE,NONE,NONE,NONE,Mainland,intertidal,6/6/2023 13:05
UCSC,Post Point,POP,48.7120018,-122.51913,48.7120018,-122.51913,3080,2010,Summer,SU10,118,8/7/2010,8/7/2010,sea_star,PISOCH,130,65,3,IP,Washington,WA Salish Sea,WA Salish Sea,NONE,NONE,NONE,NONE,Mainland,intertidal,6/6/2023 13:05
UCSC,Post Point,POP,48.7120018,-122.51913,48.7120018,-122.51913,3080,2010,Summer,SU10,118,8/7/2010,8/7/2010,sea_star,PISOCH,140,43,3,IP,Washington,WA Salish Sea,WA Salish Sea,NONE,NONE,NONE,NONE,Mainland,intertidal,6/6/2023 13:05
UCSC,Post Point,POP,48.7120018,-122.51913,48.7120018,-122.51913,3080,2010,Summer,SU10,118,8/7/2010,8/7/2010,sea_star,PISOCH,5,1,3,IP,Washington,WA Salish Sea,WA Salish Sea,NONE,NONE,NONE,NONE,Mainland,intertidal,6/6/2023 13:05
UCSC,Post Point,POP,48.7120018,-122.51913,48.7120018,-122.51913,3080,2010,Summer,SU10,118,8/7/2010,8/7/2010,sea_star,PISOCH,150,23,3,IP,Washington,WA Salish Sea,WA Salish Sea,NONE,NONE,NONE,NONE,Mainland,intertidal,6/6/2023 13:05
UCSC,Post Point,POP,48.7120018,-122.51913,48.7120018,-122.51913,3080,2010,Summer,SU10,118,8/7/2010,8/7/2010,sea_star,PISOCH,160,5,3,IP,Washington,WA Salish Sea,WA Salish Sea,NONE,NONE,NONE,NONE,Mainland,intertidal,6/6/2023 13:05
UCSC,Post Point,POP,48.7120018,-122.51913,48.7120018,-122.51913,3080,2010,Summer,SU10,118,8/7/2010,8/7/2010,sea_star,PISOCH,170,3,3,IP,Washington,WA Salish Sea,WA Salish Sea,NONE,NONE,NONE,NONE,Mainland,intertidal,6/6/2023 13:05
UCSC,Post Point,POP,48.7120018,-122.51913,48.7120018,-122.51913,3080,2010,Summer,SU10,118,8/7/2010,8/7/2010,sea_star,PISOCH,180,1,3,IP,Washington,WA Salish Sea,WA Salish Sea,NONE,NONE,NONE,NONE,Mainland,intertidal,6/6/2023 13:05
UCSC,Post Point,POP,48.7120018,-122.51913,48.7120018,-122.51913,3080,2010,Summer,SU10,118,8/7/2010,8/7/2010,sea_star,PISOCH,10,8,3,IP,Washington,WA Salish Sea,WA Salish Sea,NONE,NONE,NONE,NONE,Mainland,intertidal,6/6/2023 13:05
UCSC,Post Point,POP,48.7120018,-122.51913,48.7120018,-122.51913,3080,2010,Summer,SU10,118,8/7/2010,8/7/2010,sea_star,PISOCH,20,9,3,IP,Washington,WA Salish Sea,WA Salish Sea,NONE,NONE,NONE,NONE,Mainland,intertidal,6/6/2023 13:05
UCSC,Post Point,POP,48.7120018,-122.51913,48.7120018,-122.51913,3080,2010,Summer,SU10,118,8/7/2010,8/7/2010,sea_star,PISOCH,30,7,3,IP,Washington,WA Salish Sea,WA Salish Sea,NONE,NONE,NONE,NONE,Mainland,intertidal,6/6/2023 13:05
UCSC,Post Point,POP,48.7120018,-122.51913,48.7120018,-122.51913,3080,2010,Summer,SU10,118,8/7/2010,8/7/2010,sea_star,PISOCH,40,10,3,IP,Washington,WA Salish Sea,WA Salish Sea,NONE,NONE,NONE,NONE,Mainland,intertidal,6/6/2023 13:05
UCSC,Post Point,POP,48.7120018,-122.51913,48.7120018,-122.51913,3080,2010,Summer,SU10,118,8/7/2010,8/7/2010,sea_star,PISOCH,50,10,3,IP,Washington,WA Salish Sea,WA Salish Sea,NONE,NONE,NONE,NONE,Mainland,intertidal,6/6/2023 13:05
UCSC,Post Point,POP,48.7120018,-122.51913,48.7120018,-122.51913,3080,2010,Summer,SU10,118,8/7/2010,8/7/2010,sea_star,PISOCH,60,9,3,IP,Washington,WA Salish Sea,WA Salish Sea,NONE,NONE,NONE,NONE,Mainland,intertidal,6/6/2023 13:05
UCSC,Post Point,POP,48.7120018,-122.51913,48.7120018,-122.51913,3080,2010,Summer,SU10,118,8/7/2010,8/7/2010,sea_star,PISOCH,70,10,3,IP,Washington,WA Salish Sea,WA Salish Sea,NONE,NONE,NONE,NONE,Mainland,intertidal,6/6/2023 13:05
UCSC,Post Point,POP,48.7120018,-122.51913,48.7120018,-122.51913,3080,2010,Summer,SU10,118,8/7/2010,8/7/2010,sea_star,PISOCH,80,21,3,IP,Washington,WA Salish Sea,WA Salish Sea,NONE,NONE,NONE,NONE,Mainland,intertidal,6/6/2023 13:05
UCSC,Post Point,POP,48.7120018,-122.51913,48.7120018,-122.51913,3080,2011,Summer,SU11,122,6/5/2011,6/5/2011,sea_star,PISOCH,90,2,3,IP,Washington,WA Salish Sea,WA Salish Sea,NONE,NONE,NONE,NONE,Mainland,intertidal,6/6/2023 13:05
UCSC,Post Point,POP,48.7120018,-122.51913,48.7120018,-122.51913,3080,2011,Summer,SU11,122,6/5/2011,6/5/2011,sea_star,PISOCH,100,8,3,IP,Washington,WA Salish Sea,WA Salish Sea,NONE,NONE,NONE,NONE,Mainland,intertidal,6/6/2023 13:05
UCSC,Post Point,POP,48.7120018,-122.51913,48.7120018,-122.51913,3080,2011,Summer,SU11,122,6/5/2011,6/5/2011,sea_star,PISOCH,110,17,3,IP,Washington,WA Salish Sea,WA Salish Sea,NONE,NONE,NONE,NONE,Mainland,intertidal,6/6/2023 13:05
UCSC,Post Point,POP,48.7120018,-122.51913,48.7120018,-122.51913,3080,2011,Summer,SU11,122,6/5/2011,6/5/2011,sea_star,PISOCH,120,8,3,IP,Washington,WA Salish Sea,WA Salish Sea,NONE,NONE,NONE,NONE,Mainland,intertidal,6/6/2023 13:05
UCSC,Post Point,POP,48.7120018,-122.51913,48.7120018,-122.51913,3080,2011,Summer,SU11,122,6/5/2011,6/5/2011,sea_star,PISOCH,130,6,3,IP,Washington,WA Salish Sea,WA Salish Sea,NONE,NONE,NONE,NONE,Mainland,intertidal,6/6/2023 13:05
UCSC,Post Point,POP,48.7120018,-122.51913,48.7120018,-122.51913,3080,2011,Summer,SU11,122,6/5/2011,6/5/2011,sea_star,PISOCH,140,10,3,IP,Washington,WA Salish Sea,WA Salish Sea,NONE,NONE,NONE,NONE,Mainland,intertidal,6/6/2023 13:05
UCSC,Post Point,POP,48.7120018,-122.51913,48.7120018,-122.51913,3080,2011,Summer,SU11,122,6/5/2011,6/5/2011,sea_star,PISOCH,5,19,3,IP,Washington,WA Salish Sea,WA Salish Sea,NONE,NONE,NONE,NONE,Mainland,intertidal,6/6/2023 13:05
UCSC,Post Point,POP,48.7120018,-122.51913,48.7120018,-122.51913,3080,2011,Summer,SU11,122,6/5/2011,6/5/2011,sea_star,PISOCH,150,1,3,IP,Washington,WA Salish Sea,WA Salish Sea,NONE,NONE,NONE,NONE,Mainland,intertidal,6/6/2023 13:05
UCSC,Post Point,POP,48.7120018,-122.51913,48.7120018,-122.51913,3080,2011,Summer,SU11,122,6/5/2011,6/5/2011,sea_star,PISOCH,160,2,3,IP,Washington,WA Salish Sea,WA Salish Sea,NONE,NONE,NONE,NONE,Mainland,intertidal,6/6/2023 13:05
UCSC,Post Point,POP,48.7120018,-122.51913,48.7120018,-122.51913,3080,2011,Summer,SU11,122,6/5/2011,6/5/2011,sea_star,PISOCH,170,1,3,IP,Washington,WA Salish Sea,WA Salish Sea,NONE,NONE,NONE,NONE,Mainland,intertidal,6/6/2023 13:05
UCSC,Post Point,POP,48.7120018,-122.51913,48.7120018,-122.51913,3080,2011,Summer,SU11,122,6/5/2011,6/5/2011,sea_star,PISOCH,10,43,3,IP,Washington,WA Salish Sea,WA Salish Sea,NONE,NONE,NONE,NONE,Mainland,intertidal,6/6/2023 13:05
UCSC,Post Point,POP,48.7120018,-122.51913,48.7120018,-122.51913,3080,2011,Summer,SU11,122,6/5/2011,6/5/2011,sea_star,PISOCH,20,10,3,IP,Washington,WA Salish Sea,WA Salish Sea,NONE,NONE,NONE,NONE,Mainland,intertidal,6/6/2023 13:05
UCSC,Post Point,POP,48.7120018,-122.51913,48.7120018,-122.51913,3080,2011,Summer,SU11,122,6/5/2011,6/5/2011,sea_star,PISOCH,30,10,3,IP,Washington,WA Salish Sea,WA Salish Sea,NONE,NONE,NONE,NONE,Mainland,intertidal,6/6/2023 13:05
UCSC,Post Point,POP,48.7120018,-122.51913,48.7120018,-122.51913,3080,2011,Summer,SU11,122,6/5/2011,6/5/2011,sea_star,PISOCH,40,5,3,IP,Washington,WA Salish Sea,WA Salish Sea,NONE,NONE,NONE,NONE,Mainland,intertidal,6/6/2023 13:05
UCSC,Post Point,POP,48.7120018,-122.51913,48.7120018,-122.51913,3080,2011,Summer,SU11,122,6/5/2011,6/5/2011,sea_star,PISOCH,50,7,3,IP,Washington,WA Salish Sea,WA Salish Sea,NONE,NONE,NONE,NONE,Mainland,intertidal,6/6/2023 13:05
UCSC,Post Point,POP,48.7120018,-122.51913,48.7120018,-122.51913,3080,2011,Summer,SU11,122,6/5/2011,6/5/2011,sea_star,PISOCH,60,3,3,IP,Washington,WA Salish Sea,WA Salish Sea,NONE,NONE,NONE,NONE,Mainland,intertidal,6/6/2023 13:05
UCSC,Post Point,POP,48.7120018,-122.51913,48.7120018,-122.51913,3080,2011,Summer,SU11,122,6/5/2011,6/5/2011,sea_star,PISOCH,70,5,3,IP,Washington,WA Salish Sea,WA Salish Sea,NONE,NONE,NONE,NONE,Mainland,intertidal,6/6/2023 13:05
UCSC,Post Point,POP,48.7120018,-122.51913,48.7120018,-122.51913,3080,2011,Summer,SU11,122,6/5/2011,6/5/2011,sea_star,PISOCH,80,6,3,IP,Washington,WA Salish Sea,WA Salish Sea,NONE,NONE,NONE,NONE,Mainland,intertidal,6/6/2023 13:05
UCSC,Post Point,POP,48.7120018,-122.51913,48.7120018,-122.51913,3080,2012,Summer,SU12,126,6/18/2012,6/18/2012,sea_star,PISOCH,90,10,3,IP,Washington,WA Salish Sea,WA Salish Sea,NONE,NONE,NONE,NONE,Mainland,intertidal,6/6/2023 13:05
UCSC,Post Point,POP,48.7120018,-122.51913,48.7120018,-122.51913,3080,2012,Summer,SU12,126,6/18/2012,6/18/2012,sea_star,PISOCH,100,26,3,IP,Washington,WA Salish Sea,WA Salish Sea,NONE,NONE,NONE,NONE,Mainland,intertidal,6/6/2023 13:05
UCSC,Post Point,POP,48.7120018,-122.51913,48.7120018,-122.51913,3080,2012,Summer,SU12,126,6/18/2012,6/18/2012,sea_star,PISOCH,110,41,3,IP,Washington,WA Salish Sea,WA Salish Sea,NONE,NONE,NONE,NONE,Mainland,intertidal,6/6/2023 13:05
UCSC,Post Point,POP,48.7120018,-122.51913,48.7120018,-122.51913,3080,2012,Summer,SU12,126,6/18/2012,6/18/2012,sea_star,PISOCH,120,47,3,IP,Washington,WA Salish Sea,WA Salish Sea,NONE,NONE,NONE,NONE,Mainland,intertidal,6/6/2023 13:05
UCSC,Post Point,POP,48.7120018,-122.51913,48.7120018,-122.51913,3080,2012,Summer,SU12,126,6/18/2012,6/18/2012,sea_star,PISOCH,130,29,3,IP,Washington,WA Salish Sea,WA Salish Sea,NONE,NONE,NONE,NONE,Mainland,intertidal,6/6/2023 13:05
UCSC,Post Point,POP,48.7120018,-122.51913,48.7120018,-122.51913,3080,2012,Summer,SU12,126,6/18/2012,6/18/2012,sea_star,PISOCH,140,18,3,IP,Washington,WA Salish Sea,WA Salish Sea,NONE,NONE,NONE,NONE,Mainland,intertidal,6/6/2023 13:05
UCSC,Post Point,POP,48.7120018,-122.51913,48.7120018,-122.51913,3080,2012,Summer,SU12,126,6/18/2012,6/18/2012,sea_star,PISOCH,150,8,3,IP,Washington,WA Salish Sea,WA Salish Sea,NONE,NONE,NONE,NONE,Mainland,intertidal,6/6/2023 13:05
UCSC,Post Point,POP,48.7120018,-122.51913,48.7120018,-122.51913,3080,2012,Summer,SU12,126,6/18/2012,6/18/2012,sea_star,PISOCH,160,2,3,IP,Washington,WA Salish Sea,WA Salish Sea,NONE,NONE,NONE,NONE,Mainland,intertidal,6/6/2023 13:05
UCSC,Post Point,POP,48.7120018,-122.51913,48.7120018,-122.51913,3080,2012,Summer,SU12,126,6/18/2012,6/18/2012,sea_star,PISOCH,190,1,3,IP,Washington,WA Salish Sea,WA Salish Sea,NONE,NONE,NONE,NONE,Mainland,intertidal,6/6/2023 13:05
UCSC,Post Point,POP,48.7120018,-122.51913,48.7120018,-122.51913,3080,2012,Summer,SU12,126,6/18/2012,6/18/2012,sea_star,PISOCH,10,1,3,IP,Washington,WA Salish Sea,WA Salish Sea,NONE,NONE,NONE,NONE,Mainland,intertidal,6/6/2023 13:05
UCSC,Post Point,POP,48.7120018,-122.51913,48.7120018,-122.51913,3080,2012,Summer,SU12,126,6/18/2012,6/18/2012,sea_star,PISOCH,20,13,3,IP,Washington,WA Salish Sea,WA Salish Sea,NONE,NONE,NONE,NONE,Mainland,intertidal,6/6/2023 13:05
UCSC,Post Point,POP,48.7120018,-122.51913,48.7120018,-122.51913,3080,2012,Summer,SU12,126,6/18/2012,6/18/2012,sea_star,PISOCH,30,21,3,IP,Washington,WA Salish Sea,WA Salish Sea,NONE,NONE,NONE,NONE,Mainland,intertidal,6/6/2023 13:05
UCSC,Post Point,POP,48.7120018,-122.51913,48.7120018,-122.51913,3080,2012,Summer,SU12,126,6/18/2012,6/18/2012,sea_star,PISOCH,40,10,3,IP,Washington,WA Salish Sea,WA Salish Sea,NONE,NONE,NONE,NONE,Mainland,intertidal,6/6/2023 13:05
UCSC,Post Point,POP,48.7120018,-122.51913,48.7120018,-122.51913,3080,2012,Summer,SU12,126,6/18/2012,6/18/2012,sea_star,PISOCH,50,10,3,IP,Washington,WA Salish Sea,WA Salish Sea,NONE,NONE,NONE,NONE,Mainland,intertidal,6/6/2023 13:05
UCSC,Post Point,POP,48.7120018,-122.51913,48.7120018,-122.51913,3080,2012,Summer,SU12,126,6/18/2012,6/18/2012,sea_star,PISOCH,60,2,3,IP,Washington,WA Salish Sea,WA Salish Sea,NONE,NONE,NONE,NONE,Mainland,intertidal,6/6/2023 13:05
UCSC,Post Point,POP,48.7120018,-122.51913,48.7120018,-122.51913,3080,2012,Summer,SU12,126,6/18/2012,6/18/2012,sea_star,PISOCH,70,5,3,IP,Washington,WA Salish Sea,WA Salish Sea,NONE,NONE,NONE,NONE,Mainland,intertidal,6/6/2023 13:05
UCSC,Post Point,POP,48.7120018,-122.51913,48.7120018,-122.51913,3080,2012,Summer,SU12,126,6/18/2012,6/18/2012,sea_star,PISOCH,80,10,3,IP,Washington,WA Salish Sea,WA Salish Sea,NONE,NONE,NONE,NONE,Mainland,intertidal,6/6/2023 13:05
UCSC,Post Point,POP,48.7120018,-122.51913,48.7120018,-122.51913,3080,2013,Summer,SU13,130,5/25/2013,5/25/2013,sea_star,PISOCH,90,2,3,IP,Washington,WA Salish Sea,WA Salish Sea,NONE,NONE,NONE,NONE,Mainland,intertidal,6/6/2023 13:05
UCSC,Post Point,POP,48.7120018,-122.51913,48.7120018,-122.51913,3080,2013,Summer,SU13,130,5/25/2013,5/25/2013,sea_star,PISOCH,100,3,3,IP,Washington,WA Salish Sea,WA Salish Sea,NONE,NONE,NONE,NONE,Mainland,intertidal,6/6/2023 13:05
UCSC,Post Point,POP,48.7120018,-122.51913,48.7120018,-122.51913,3080,2013,Summer,SU13,130,5/25/2013,5/25/2013,sea_star,PISOCH,110,6,3,IP,Washington,WA Salish Sea,WA Salish Sea,NONE,NONE,NONE,NONE,Mainland,intertidal,6/6/2023 13:05
UCSC,Post Point,POP,48.7120018,-122.51913,48.7120018,-122.51913,3080,2013,Summer,SU13,130,5/25/2013,5/25/2013,sea_star,PISOCH,120,14,3,IP,Washington,WA Salish Sea,WA Salish Sea,NONE,NONE,NONE,NONE,Mainland,intertidal,6/6/2023 13:05
UCSC,Post Point,POP,48.7120018,-122.51913,48.7120018,-122.51913,3080,2013,Summer,SU13,130,5/25/2013,5/25/2013,sea_star,PISOCH,130,6,3,IP,Washington,WA Salish Sea,WA Salish Sea,NONE,NONE,NONE,NONE,Mainland,intertidal,6/6/2023 13:05
UCSC,Post Point,POP,48.7120018,-122.51913,48.7120018,-122.51913,3080,2013,Summer,SU13,130,5/25/2013,5/25/2013,sea_star,PISOCH,140,3,3,IP,Washington,WA Salish Sea,WA Salish Sea,NONE,NONE,NONE,NONE,Mainland,intertidal,6/6/2023 13:05
UCSC,Post Point,POP,48.7120018,-122.51913,48.7120018,-122.51913,3080,2013,Summer,SU13,130,5/25/2013,5/25/2013,sea_star,PISOCH,150,8,3,IP,Washington,WA Salish Sea,WA Salish Sea,NONE,NONE,NONE,NONE,Mainland,intertidal,6/6/2023 13:05
UCSC,Post Point,POP,48.7120018,-122.51913,48.7120018,-122.51913,3080,2013,Summer,SU13,130,5/25/2013,5/25/2013,sea_star,PISOCH,20,2,3,IP,Washington,WA Salish Sea,WA Salish Sea,NONE,NONE,NONE,NONE,Mainland,intertidal,6/6/2023 13:05
UCSC,Post Point,POP,48.7120018,-122.51913,48.7120018,-122.51913,3080,2013,Summer,SU13,130,5/25/2013,5/25/2013,sea_star,PISOCH,30,6,3,IP,Washington,WA Salish Sea,WA Salish Sea,NONE,NONE,NONE,NONE,Mainland,intertidal,6/6/2023 13:05
UCSC,Post Point,POP,48.7120018,-122.51913,48.7120018,-122.51913,3080,2013,Summer,SU13,130,5/25/2013,5/25/2013,sea_star,PISOCH,40,2,3,IP,Washington,WA Salish Sea,WA Salish Sea,NONE,NONE,NONE,NONE,Mainland,intertidal,6/6/2023 13:05
UCSC,Post Point,POP,48.7120018,-122.51913,48.7120018,-122.51913,3080,2013,Summer,SU13,130,5/25/2013,5/25/2013,sea_star,PISOCH,60,2,3,IP,Washington,WA Salish Sea,WA Salish Sea,NONE,NONE,NONE,NONE,Mainland,intertidal,6/6/2023 13:05
UCSC,Post Point,POP,48.7120018,-122.51913,48.7120018,-122.51913,3080,2013,Summer,SU13,130,5/25/2013,5/25/2013,sea_star,PISOCH,70,2,3,IP,Washington,WA Salish Sea,WA Salish Sea,NONE,NONE,NONE,NONE,Mainland,intertidal,6/6/2023 13:05
UCSC,Post Point,POP,48.7120018,-122.51913,48.7120018,-122.51913,3080,2013,Summer,SU13,130,5/25/2013,5/25/2013,sea_star,PISOCH,80,4,3,IP,Washington,WA Salish Sea,WA Salish Sea,NONE,NONE,NONE,NONE,Mainland,intertidal,6/6/2023 13:05
UCSC,Post Point,POP,48.7120018,-122.51913,48.7120018,-122.51913,3080,2014,Summer,SU14,134,6/24/2014,6/24/2014,sea_star,PISOCH,90,1,3,IP,Washington,WA Salish Sea,WA Salish Sea,NONE,NONE,NONE,NONE,Mainland,intertidal,6/6/2023 13:05
UCSC,Post Point,POP,48.7120018,-122.51913,48.7120018,-122.51913,3080,2014,Summer,SU14,134,6/24/2014,6/24/2014,sea_star,PISOCH,5,37,3,IP,Washington,WA Salish Sea,WA Salish Sea,NONE,NONE,NONE,NONE,Mainland,intertidal,6/6/2023 13:05
UCSC,Post Point,POP,48.7120018,-122.51913,48.7120018,-122.51913,3080,2014,Summer,SU14,134,6/24/2014,6/24/2014,sea_star,PISOCH,10,25,3,IP,Washington,WA Salish Sea,WA Salish Sea,NONE,NONE,NONE,NONE,Mainland,intertidal,6/6/2023 13:05
UCSC,Post Point,POP,48.7120018,-122.51913,48.7120018,-122.51913,3080,2014,Summer,SU14,134,6/24/2014,6/24/2014,sea_star,PISOCH,20,2,3,IP,Washington,WA Salish Sea,WA Salish Sea,NONE,NONE,NONE,NONE,Mainland,intertidal,6/6/2023 13:05
UCSC,Post Point,POP,48.7120018,-122.51913,48.7120018,-122.51913,3080,2014,Summer,SU14,134,6/24/2014,6/24/2014,sea_star,PISOCH,50,3,3,IP,Washington,WA Salish Sea,WA Salish Sea,NONE,NONE,NONE,NONE,Mainland,intertidal,6/6/2023 13:05
UCSC,Post Point,POP,48.7120018,-122.51913,48.7120018,-122.51913,3080,2014,Summer,SU14,134,6/24/2014,6/24/2014,sea_star,PISOCH,60,2,3,IP,Washington,WA Salish Sea,WA Salish Sea,NONE,NONE,NONE,NONE,Mainland,intertidal,6/6/2023 13:05
UCSC,Post Point,POP,48.7120018,-122.51913,48.7120018,-122.51913,3080,2014,Summer,SU14,134,6/24/2014,6/24/2014,sea_star,PISOCH,70,1,3,IP,Washington,WA Salish Sea,WA Salish Sea,NONE,NONE,NONE,NONE,Mainland,intertidal,6/6/2023 13:05
UCSC,Post Point,POP,48.7120018,-122.51913,48.7120018,-122.51913,3080,2014,Summer,SU14,134,6/24/2014,6/24/2014,sea_star,PISOCH,80,3,3,IP,Washington,WA Salish Sea,WA Salish Sea,NONE,NONE,NONE,NONE,Mainland,intertidal,6/6/2023 13:05
UCSC,Post Point,POP,48.7120018,-122.51913,48.7120018,-122.51913,3080,2015,Summer,SU15,138,6/6/2015,6/6/2015,sea_star,EVATRO,5,2,3,IP,Washington,WA Salish Sea,WA Salish Sea,NONE,NONE,NONE,NONE,Mainland,intertidal,6/6/2023 13:05
UCSC,Post Point,POP,48.7120018,-122.51913,48.7120018,-122.51913,3080,2015,Summer,SU15,138,6/6/2015,6/6/2015,sea_star,PISOCH,90,1,3,IP,Washington,WA Salish Sea,WA Salish Sea,NONE,NONE,NONE,NONE,Mainland,intertidal,6/6/2023 13:05
UCSC,Post Point,POP,48.7120018,-122.51913,48.7120018,-122.51913,3080,2015,Summer,SU15,138,6/6/2015,6/6/2015,sea_star,PISOCH,110,1,3,IP,Washington,WA Salish Sea,WA Salish Sea,NONE,NONE,NONE,NONE,Mainland,intertidal,6/6/2023 13:05
UCSC,Post Point,POP,48.7120018,-122.51913,48.7120018,-122.51913,3080,2015,Summer,SU15,138,6/6/2015,6/6/2015,sea_star,PISOCH,120,2,3,IP,Washington,WA Salish Sea,WA Salish Sea,NONE,NONE,NONE,NONE,Mainland,intertidal,6/6/2023 13:05
UCSC,Post Point,POP,48.7120018,-122.51913,48.7120018,-122.51913,3080,2015,Summer,SU15,138,6/6/2015,6/6/2015,sea_star,PISOCH,130,1,3,IP,Washington,WA Salish Sea,WA Salish Sea,NONE,NONE,NONE,NONE,Mainland,intertidal,6/6/2023 13:05
UCSC,Post Point,POP,48.7120018,-122.51913,48.7120018,-122.51913,3080,2015,Summer,SU15,138,6/6/2015,6/6/2015,sea_star,PISOCH,5,29,3,IP,Washington,WA Salish Sea,WA Salish Sea,NONE,NONE,NONE,NONE,Mainland,intertidal,6/6/2023 13:05
UCSC,Post Point,POP,48.7120018,-122.51913,48.7120018,-122.51913,3080,2015,Summer,SU15,138,6/6/2015,6/6/2015,sea_star,PISOCH,150,1,3,IP,Washington,WA Salish Sea,WA Salish Sea,NONE,NONE,NONE,NONE,Mainland,intertidal,6/6/2023 13:05
UCSC,Post Point,POP,48.7120018,-122.51913,48.7120018,-122.51913,3080,2015,Summer,SU15,138,6/6/2015,6/6/2015,sea_star,PISOCH,10,31,3,IP,Washington,WA Salish Sea,WA Salish Sea,NONE,NONE,NONE,NONE,Mainland,intertidal,6/6/2023 13:05
UCSC,Post Point,POP,48.7120018,-122.51913,48.7120018,-122.51913,3080,2015,Summer,SU15,138,6/6/2015,6/6/2015,sea_star,PISOCH,20,18,3,IP,Washington,WA Salish Sea,WA Salish Sea,NONE,NONE,NONE,NONE,Mainland,intertidal,6/6/2023 13:05
UCSC,Post Point,POP,48.7120018,-122.51913,48.7120018,-122.51913,3080,2015,Summer,SU15,138,6/6/2015,6/6/2015,sea_star,PISOCH,30,7,3,IP,Washington,WA Salish Sea,WA Salish Sea,NONE,NONE,NONE,NONE,Mainland,intertidal,6/6/2023 13:05
UCSC,Post Point,POP,48.7120018,-122.51913,48.7120018,-122.51913,3080,2015,Summer,SU15,138,6/6/2015,6/6/2015,sea_star,PISOCH,40,4,3,IP,Washington,WA Salish Sea,WA Salish Sea,NONE,NONE,NONE,NONE,Mainland,intertidal,6/6/2023 13:05
UCSC,Post Point,POP,48.7120018,-122.51913,48.7120018,-122.51913,3080,2015,Summer,SU15,138,6/6/2015,6/6/2015,sea_star,PISOCH,50,2,3,IP,Washington,WA Salish Sea,WA Salish Sea,NONE,NONE,NONE,NONE,Mainland,intertidal,6/6/2023 13:05
UCSC,Post Point,POP,48.7120018,-122.51913,48.7120018,-122.51913,3080,2015,Summer,SU15,138,6/6/2015,6/6/2015,sea_star,PISOCH,60,2,3,IP,Washington,WA Salish Sea,WA Salish Sea,NONE,NONE,NONE,NONE,Mainland,intertidal,6/6/2023 13:05
UCSC,Post Point,POP,48.7120018,-122.51913,48.7120018,-122.51913,3080,2015,Summer,SU15,138,6/6/2015,6/6/2015,sea_star,PISOCH,80,1,3,IP,Washington,WA Salish Sea,WA Salish Sea,NONE,NONE,NONE,NONE,Mainland,intertidal,6/6/2023 13:05
UCSC,Post Point,POP,48.7120018,-122.51913,48.7120018,-122.51913,3080,2016,Summer,SU16,142,6/19/2016,6/19/2016,sea_star,PISOCH,100,1,3,IP,Washington,WA Salish Sea,WA Salish Sea,NONE,NONE,NONE,NONE,Mainland,intertidal,6/6/2023 13:05
UCSC,Post Point,POP,48.7120018,-122.51913,48.7120018,-122.51913,3080,2016,Summer,SU16,142,6/19/2016,6/19/2016,sea_star,PISOCH,110,1,3,IP,Washington,WA Salish Sea,WA Salish Sea,NONE,NONE,NONE,NONE,Mainland,intertidal,6/6/2023 13:05
UCSC,Post Point,POP,48.7120018,-122.51913,48.7120018,-122.51913,3080,2016,Summer,SU16,142,6/19/2016,6/19/2016,sea_star,PISOCH,120,1,3,IP,Washington,WA Salish Sea,WA Salish Sea,NONE,NONE,NONE,NONE,Mainland,intertidal,6/6/2023 13:05
UCSC,Post Point,POP,48.7120018,-122.51913,48.7120018,-122.51913,3080,2016,Summer,SU16,142,6/19/2016,6/19/2016,sea_star,PISOCH,130,1,3,IP,Washington,WA Salish Sea,WA Salish Sea,NONE,NONE,NONE,NONE,Mainland,intertidal,6/6/2023 13:05
UCSC,Post Point,POP,48.7120018,-122.51913,48.7120018,-122.51913,3080,2016,Summer,SU16,142,6/19/2016,6/19/2016,sea_star,PISOCH,5,3,3,IP,Washington,WA Salish Sea,WA Salish Sea,NONE,NONE,NONE,NONE,Mainland,intertidal,6/6/2023 13:05
UCSC,Post Point,POP,48.7120018,-122.51913,48.7120018,-122.51913,3080,2016,Summer,SU16,142,6/19/2016,6/19/2016,sea_star,PISOCH,10,13,3,IP,Washington,WA Salish Sea,WA Salish Sea,NONE,NONE,NONE,NONE,Mainland,intertidal,6/6/2023 13:05
UCSC,Post Point,POP,48.7120018,-122.51913,48.7120018,-122.51913,3080,2016,Summer,SU16,142,6/19/2016,6/19/2016,sea_star,PISOCH,20,23,3,IP,Washington,WA Salish Sea,WA Salish Sea,NONE,NONE,NONE,NONE,Mainland,intertidal,6/6/2023 13:05
UCSC,Post Point,POP,48.7120018,-122.51913,48.7120018,-122.51913,3080,2016,Summer,SU16,142,6/19/2016,6/19/2016,sea_star,PISOCH,30,11,3,IP,Washington,WA Salish Sea,WA Salish Sea,NONE,NONE,NONE,NONE,Mainland,intertidal,6/6/2023 13:05
UCSC,Post Point,POP,48.7120018,-122.51913,48.7120018,-122.51913,3080,2016,Summer,SU16,142,6/19/2016,6/19/2016,sea_star,PISOCH,40,6,3,IP,Washington,WA Salish Sea,WA Salish Sea,NONE,NONE,NONE,NONE,Mainland,intertidal,6/6/2023 13:05
UCSC,Post Point,POP,48.7120018,-122.51913,48.7120018,-122.51913,3080,2016,Summer,SU16,142,6/19/2016,6/19/2016,sea_star,PISOCH,60,1,3,IP,Washington,WA Salish Sea,WA Salish Sea,NONE,NONE,NONE,NONE,Mainland,intertidal,6/6/2023 13:05
UCSC,Post Point,POP,48.7120018,-122.51913,48.7120018,-122.51913,3080,2016,Summer,SU16,142,6/19/2016,6/19/2016,sea_star,PISOCH,70,1,3,IP,Washington,WA Salish Sea,WA Salish Sea,NONE,NONE,NONE,NONE,Mainland,intertidal,6/6/2023 13:05
UCSC,Post Point,POP,48.7120018,-122.51913,48.7120018,-122.51913,3080,2017,Summer,SU17,146,6/11/2017,6/11/2017,sea_star,DERIMB,NA,0,3,IP,Washington,WA Salish Sea,WA Salish Sea,NONE,NONE,NONE,NONE,Mainland,intertidal,6/6/2023 13:05
UCSC,Post Point,POP,48.7120018,-122.51913,48.7120018,-122.51913,3080,2017,Summer,SU17,146,6/11/2017,6/11/2017,sea_star,DERIMB,NM,1,3,IP,Washington,WA Salish Sea,WA Salish Sea,NONE,NONE,NONE,NONE,Mainland,intertidal,6/6/2023 13:05
UCSC,Post Point,POP,48.7120018,-122.51913,48.7120018,-122.51913,3080,2017,Summer,SU17,146,6/11/2017,6/11/2017,sea_star,EVATRO,NA,0,3,IP,Washington,WA Salish Sea,WA Salish Sea,NONE,NONE,NONE,NONE,Mainland,intertidal,6/6/2023 13:05
UCSC,Post Point,POP,48.7120018,-122.51913,48.7120018,-122.51913,3080,2017,Summer,SU17,146,6/11/2017,6/11/2017,sea_star,HENSPP,NA,0,3,IP,Washington,WA Salish Sea,WA Salish Sea,NONE,NONE,NONE,NONE,Mainland,intertidal,6/6/2023 13:05
UCSC,Post Point,POP,48.7120018,-122.51913,48.7120018,-122.51913,3080,2017,Summer,SU17,146,6/11/2017,6/11/2017,sea_star,LEPTAS,NA,0,3,IP,Washington,WA Salish Sea,WA Salish Sea,NONE,NONE,NONE,NONE,Mainland,intertidal,6/6/2023 13:05
UCSC,Post Point,POP,48.7120018,-122.51913,48.7120018,-122.51913,3080,2017,Summer,SU17,146,6/11/2017,6/11/2017,sea_star,PATMIN,NA,0,3,IP,Washington,WA Salish Sea,WA Salish Sea,NONE,NONE,NONE,NONE,Mainland,intertidal,6/6/2023 13:05
UCSC,Post Point,POP,48.7120018,-122.51913,48.7120018,-122.51913,3080,2017,Summer,SU17,146,6/11/2017,6/11/2017,sea_star,PISBRE,NA,0,3,IP,Washington,WA Salish Sea,WA Salish Sea,NONE,NONE,NONE,NONE,Mainland,intertidal,6/6/2023 13:05
UCSC,Post Point,POP,48.7120018,-122.51913,48.7120018,-122.51913,3080,2017,Summer,SU17,146,6/11/2017,6/11/2017,sea_star,PISGIG,NA,0,3,IP,Washington,WA Salish Sea,WA Salish Sea,NONE,NONE,NONE,NONE,Mainland,intertidal,6/6/2023 13:05
UCSC,Post Point,POP,48.7120018,-122.51913,48.7120018,-122.51913,3080,2017,Summer,SU17,146,6/11/2017,6/11/2017,sea_star,PISOCH,100,2,3,IP,Washington,WA Salish Sea,WA Salish Sea,NONE,NONE,NONE,NONE,Mainland,intertidal,6/6/2023 13:05
UCSC,Post Point,POP,48.7120018,-122.51913,48.7120018,-122.51913,3080,2017,Summer,SU17,146,6/11/2017,6/11/2017,sea_star,PISOCH,120,2,3,IP,Washington,WA Salish Sea,WA Salish Sea,NONE,NONE,NONE,NONE,Mainland,intertidal,6/6/2023 13:05
UCSC,Post Point,POP,48.7120018,-122.51913,48.7120018,-122.51913,3080,2017,Summer,SU17,146,6/11/2017,6/11/2017,sea_star,PISOCH,140,1,3,IP,Washington,WA Salish Sea,WA Salish Sea,NONE,NONE,NONE,NONE,Mainland,intertidal,6/6/2023 13:05
UCSC,Post Point,POP,48.7120018,-122.51913,48.7120018,-122.51913,3080,2017,Summer,SU17,146,6/11/2017,6/11/2017,sea_star,PISOCH,150,1,3,IP,Washington,WA Salish Sea,WA Salish Sea,NONE,NONE,NONE,NONE,Mainland,intertidal,6/6/2023 13:05
UCSC,Post Point,POP,48.7120018,-122.51913,48.7120018,-122.51913,3080,2017,Summer,SU17,146,6/11/2017,6/11/2017,sea_star,PISOCH,10,6,3,IP,Washington,WA Salish Sea,WA Salish Sea,NONE,NONE,NONE,NONE,Mainland,intertidal,6/6/2023 13:05
UCSC,Post Point,POP,48.7120018,-122.51913,48.7120018,-122.51913,3080,2017,Summer,SU17,146,6/11/2017,6/11/2017,sea_star,PISOCH,20,13,3,IP,Washington,WA Salish Sea,WA Salish Sea,NONE,NONE,NONE,NONE,Mainland,intertidal,6/6/2023 13:05
UCSC,Post Point,POP,48.7120018,-122.51913,48.7120018,-122.51913,3080,2017,Summer,SU17,146,6/11/2017,6/11/2017,sea_star,PISOCH,30,13,3,IP,Washington,WA Salish Sea,WA Salish Sea,NONE,NONE,NONE,NONE,Mainland,intertidal,6/6/2023 13:05
UCSC,Post Point,POP,48.7120018,-122.51913,48.7120018,-122.51913,3080,2017,Summer,SU17,146,6/11/2017,6/11/2017,sea_star,PISOCH,40,12,3,IP,Washington,WA Salish Sea,WA Salish Sea,NONE,NONE,NONE,NONE,Mainland,intertidal,6/6/2023 13:05
UCSC,Post Point,POP,48.7120018,-122.51913,48.7120018,-122.51913,3080,2017,Summer,SU17,146,6/11/2017,6/11/2017,sea_star,PISOCH,50,4,3,IP,Washington,WA Salish Sea,WA Salish Sea,NONE,NONE,NONE,NONE,Mainland,intertidal,6/6/2023 13:05
UCSC,Post Point,POP,48.7120018,-122.51913,48.7120018,-122.51913,3080,2017,Summer,SU17,146,6/11/2017,6/11/2017,sea_star,PISOCH,60,2,3,IP,Washington,WA Salish Sea,WA Salish Sea,NONE,NONE,NONE,NONE,Mainland,intertidal,6/6/2023 13:05
UCSC,Post Point,POP,48.7120018,-122.51913,48.7120018,-122.51913,3080,2017,Summer,SU17,146,6/11/2017,6/11/2017,sea_star,PISOCH,70,2,3,IP,Washington,WA Salish Sea,WA Salish Sea,NONE,NONE,NONE,NONE,Mainland,intertidal,6/6/2023 13:05
UCSC,Post Point,POP,48.7120018,-122.51913,48.7120018,-122.51913,3080,2017,Summer,SU17,146,6/11/2017,6/11/2017,sea_star,PISOCH,80,4,3,IP,Washington,WA Salish Sea,WA Salish Sea,NONE,NONE,NONE,NONE,Mainland,intertidal,6/6/2023 13:05
UCSC,Post Point,POP,48.7120018,-122.51913,48.7120018,-122.51913,3080,2017,Summer,SU17,146,6/11/2017,6/11/2017,sea_star,PYCHEL,NA,0,3,IP,Washington,WA Salish Sea,WA Salish Sea,NONE,NONE,NONE,NONE,Mainland,intertidal,6/6/2023 13:05
UCSC,Post Point,POP,48.7120018,-122.51913,48.7120018,-122.51913,3080,2018,Summer,SU18,150,6/16/2018,6/16/2018,sea_star,DERIMB,NA,0,3,IP,Washington,WA Salish Sea,WA Salish Sea,NONE,NONE,NONE,NONE,Mainland,intertidal,6/6/2023 13:05
UCSC,Post Point,POP,48.7120018,-122.51913,48.7120018,-122.51913,3080,2018,Summer,SU18,150,6/16/2018,6/16/2018,sea_star,EVATRO,NA,0,3,IP,Washington,WA Salish Sea,WA Salish Sea,NONE,NONE,NONE,NONE,Mainland,intertidal,6/6/2023 13:05
UCSC,Post Point,POP,48.7120018,-122.51913,48.7120018,-122.51913,3080,2018,Summer,SU18,150,6/16/2018,6/16/2018,sea_star,HENSPP,NA,0,3,IP,Washington,WA Salish Sea,WA Salish Sea,NONE,NONE,NONE,NONE,Mainland,intertidal,6/6/2023 13:05
UCSC,Post Point,POP,48.7120018,-122.51913,48.7120018,-122.51913,3080,2018,Summer,SU18,150,6/16/2018,6/16/2018,sea_star,LEPTAS,NA,0,3,IP,Washington,WA Salish Sea,WA Salish Sea,NONE,NONE,NONE,NONE,Mainland,intertidal,6/6/2023 13:05
UCSC,Post Point,POP,48.7120018,-122.51913,48.7120018,-122.51913,3080,2018,Summer,SU18,150,6/16/2018,6/16/2018,sea_star,PATMIN,NA,0,3,IP,Washington,WA Salish Sea,WA Salish Sea,NONE,NONE,NONE,NONE,Mainland,intertidal,6/6/2023 13:05
UCSC,Post Point,POP,48.7120018,-122.51913,48.7120018,-122.51913,3080,2018,Summer,SU18,150,6/16/2018,6/16/2018,sea_star,PISBRE,NA,0,3,IP,Washington,WA Salish Sea,WA Salish Sea,NONE,NONE,NONE,NONE,Mainland,intertidal,6/6/2023 13:05
UCSC,Post Point,POP,48.7120018,-122.51913,48.7120018,-122.51913,3080,2018,Summer,SU18,150,6/16/2018,6/16/2018,sea_star,PISGIG,NA,0,3,IP,Washington,WA Salish Sea,WA Salish Sea,NONE,NONE,NONE,NONE,Mainland,intertidal,6/6/2023 13:05
UCSC,Post Point,POP,48.7120018,-122.51913,48.7120018,-122.51913,3080,2018,Summer,SU18,150,6/16/2018,6/16/2018,sea_star,PISOCH,10,3,3,IP,Washington,WA Salish Sea,WA Salish Sea,NONE,NONE,NONE,NONE,Mainland,intertidal,6/6/2023 13:05
UCSC,Post Point,POP,48.7120018,-122.51913,48.7120018,-122.51913,3080,2018,Summer,SU18,150,6/16/2018,6/16/2018,sea_star,PISOCH,20,5,3,IP,Washington,WA Salish Sea,WA Salish Sea,NONE,NONE,NONE,NONE,Mainland,intertidal,6/6/2023 13:05
UCSC,Post Point,POP,48.7120018,-122.51913,48.7120018,-122.51913,3080,2018,Summer,SU18,150,6/16/2018,6/16/2018,sea_star,PISOCH,NA,0,3,IP,Washington,WA Salish Sea,WA Salish Sea,NONE,NONE,NONE,NONE,Mainland,intertidal,6/6/2023 13:05
UCSC,Post Point,POP,48.7120018,-122.51913,48.7120018,-122.51913,3080,2018,Summer,SU18,150,6/16/2018,6/16/2018,sea_star,PISOCH,30,3,3,IP,Washington,WA Salish Sea,WA Salish Sea,NONE,NONE,NONE,NONE,Mainland,intertidal,6/6/2023 13:05
UCSC,Post Point,POP,48.7120018,-122.51913,48.7120018,-122.51913,3080,2018,Summer,SU18,150,6/16/2018,6/16/2018,sea_star,PISOCH,40,9,3,IP,Washington,WA Salish Sea,WA Salish Sea,NONE,NONE,NONE,NONE,Mainland,intertidal,6/6/2023 13:05
UCSC,Post Point,POP,48.7120018,-122.51913,48.7120018,-122.51913,3080,2018,Summer,SU18,150,6/16/2018,6/16/2018,sea_star,PISOCH,50,7,3,IP,Washington,WA Salish Sea,WA Salish Sea,NONE,NONE,NONE,NONE,Mainland,intertidal,6/6/2023 13:05
UCSC,Post Point,POP,48.7120018,-122.51913,48.7120018,-122.51913,3080,2018,Summer,SU18,150,6/16/2018,6/16/2018,sea_star,PISOCH,60,3,3,IP,Washington,WA Salish Sea,WA Salish Sea,NONE,NONE,NONE,NONE,Mainland,intertidal,6/6/2023 13:05
UCSC,Post Point,POP,48.7120018,-122.51913,48.7120018,-122.51913,3080,2018,Summer,SU18,150,6/16/2018,6/16/2018,sea_star,PISOCH,70,3,3,IP,Washington,WA Salish Sea,WA Salish Sea,NONE,NONE,NONE,NONE,Mainland,intertidal,6/6/2023 13:05
UCSC,Post Point,POP,48.7120018,-122.51913,48.7120018,-122.51913,3080,2018,Summer,SU18,150,6/16/2018,6/16/2018,sea_star,PISOCH,80,1,3,IP,Washington,WA Salish Sea,WA Salish Sea,NONE,NONE,NONE,NONE,Mainland,intertidal,6/6/2023 13:05
UCSC,Post Point,POP,48.7120018,-122.51913,48.7120018,-122.51913,3080,2018,Summer,SU18,150,6/16/2018,6/16/2018,sea_star,PYCHEL,NA,0,3,IP,Washington,WA Salish Sea,WA Salish Sea,NONE,NONE,NONE,NONE,Mainland,intertidal,6/6/2023 13:05
UCSC,Post Point,POP,48.7120018,-122.51913,48.7120018,-122.51913,3080,2019,Summer,SU19,154,6/16/2019,6/16/2019,sea_star,DERIMB,NA,0,3,IP,Washington,WA Salish Sea,WA Salish Sea,NONE,NONE,NONE,NONE,Mainland,intertidal,6/6/2023 13:05
UCSC,Post Point,POP,48.7120018,-122.51913,48.7120018,-122.51913,3080,2019,Summer,SU19,154,6/16/2019,6/16/2019,sea_star,EVATRO,NA,0,3,IP,Washington,WA Salish Sea,WA Salish Sea,NONE,NONE,NONE,NONE,Mainland,intertidal,6/6/2023 13:05
UCSC,Post Point,POP,48.7120018,-122.51913,48.7120018,-122.51913,3080,2019,Summer,SU19,154,6/16/2019,6/16/2019,sea_star,HENSPP,NA,0,3,IP,Washington,WA Salish Sea,WA Salish Sea,NONE,NONE,NONE,NONE,Mainland,intertidal,6/6/2023 13:05
UCSC,Post Point,POP,48.7120018,-122.51913,48.7120018,-122.51913,3080,2019,Summer,SU19,154,6/16/2019,6/16/2019,sea_star,LEPTAS,NA,0,3,IP,Washington,WA Salish Sea,WA Salish Sea,NONE,NONE,NONE,NONE,Mainland,intertidal,6/6/2023 13:05
UCSC,Post Point,POP,48.7120018,-122.51913,48.7120018,-122.51913,3080,2019,Summer,SU19,154,6/16/2019,6/16/2019,sea_star,PATMIN,NA,0,3,IP,Washington,WA Salish Sea,WA Salish Sea,NONE,NONE,NONE,NONE,Mainland,intertidal,6/6/2023 13:05
UCSC,Post Point,POP,48.7120018,-122.51913,48.7120018,-122.51913,3080,2019,Summer,SU19,154,6/16/2019,6/16/2019,sea_star,PISBRE,NA,0,3,IP,Washington,WA Salish Sea,WA Salish Sea,NONE,NONE,NONE,NONE,Mainland,intertidal,6/6/2023 13:05
UCSC,Post Point,POP,48.7120018,-122.51913,48.7120018,-122.51913,3080,2019,Summer,SU19,154,6/16/2019,6/16/2019,sea_star,PISGIG,NA,0,3,IP,Washington,WA Salish Sea,WA Salish Sea,NONE,NONE,NONE,NONE,Mainland,intertidal,6/6/2023 13:05
UCSC,Post Point,POP,48.7120018,-122.51913,48.7120018,-122.51913,3080,2019,Summer,SU19,154,6/16/2019,6/16/2019,sea_star,PISOCH,90,4,3,IP,Washington,WA Salish Sea,WA Salish Sea,NONE,NONE,NONE,NONE,Mainland,intertidal,6/6/2023 13:05
UCSC,Post Point,POP,48.7120018,-122.51913,48.7120018,-122.51913,3080,2019,Summer,SU19,154,6/16/2019,6/16/2019,sea_star,PISOCH,110,1,3,IP,Washington,WA Salish Sea,WA Salish Sea,NONE,NONE,NONE,NONE,Mainland,intertidal,6/6/2023 13:05
UCSC,Post Point,POP,48.7120018,-122.51913,48.7120018,-122.51913,3080,2019,Summer,SU19,154,6/16/2019,6/16/2019,sea_star,PISOCH,5,66,3,IP,Washington,WA Salish Sea,WA Salish Sea,NONE,NONE,NONE,NONE,Mainland,intertidal,6/6/2023 13:05
UCSC,Post Point,POP,48.7120018,-122.51913,48.7120018,-122.51913,3080,2019,Summer,SU19,154,6/16/2019,6/16/2019,sea_star,PISOCH,10,181,3,IP,Washington,WA Salish Sea,WA Salish Sea,NONE,NONE,NONE,NONE,Mainland,intertidal,6/6/2023 13:05
UCSC,Post Point,POP,48.7120018,-122.51913,48.7120018,-122.51913,3080,2019,Summer,SU19,154,6/16/2019,6/16/2019,sea_star,PISOCH,20,3,3,IP,Washington,WA Salish Sea,WA Salish Sea,NONE,NONE,NONE,NONE,Mainland,intertidal,6/6/2023 13:05
UCSC,Post Point,POP,48.7120018,-122.51913,48.7120018,-122.51913,3080,2019,Summer,SU19,154,6/16/2019,6/16/2019,sea_star,PISOCH,NA,0,3,IP,Washington,WA Salish Sea,WA Salish Sea,NONE,NONE,NONE,NONE,Mainland,intertidal,6/6/2023 13:05
UCSC,Post Point,POP,48.7120018,-122.51913,48.7120018,-122.51913,3080,2019,Summer,SU19,154,6/16/2019,6/16/2019,sea_star,PISOCH,30,7,3,IP,Washington,WA Salish Sea,WA Salish Sea,NONE,NONE,NONE,NONE,Mainland,intertidal,6/6/2023 13:05
UCSC,Post Point,POP,48.7120018,-122.51913,48.7120018,-122.51913,3080,2019,Summer,SU19,154,6/16/2019,6/16/2019,sea_star,PISOCH,40,10,3,IP,Washington,WA Salish Sea,WA Salish Sea,NONE,NONE,NONE,NONE,Mainland,intertidal,6/6/2023 13:05
UCSC,Post Point,POP,48.7120018,-122.51913,48.7120018,-122.51913,3080,2019,Summer,SU19,154,6/16/2019,6/16/2019,sea_star,PISOCH,50,10,3,IP,Washington,WA Salish Sea,WA Salish Sea,NONE,NONE,NONE,NONE,Mainland,intertidal,6/6/2023 13:05
UCSC,Post Point,POP,48.7120018,-122.51913,48.7120018,-122.51913,3080,2019,Summer,SU19,154,6/16/2019,6/16/2019,sea_star,PISOCH,60,6,3,IP,Washington,WA Salish Sea,WA Salish Sea,NONE,NONE,NONE,NONE,Mainland,intertidal,6/6/2023 13:05
UCSC,Post Point,POP,48.7120018,-122.51913,48.7120018,-122.51913,3080,2019,Summer,SU19,154,6/16/2019,6/16/2019,sea_star,PISOCH,70,1,3,IP,Washington,WA Salish Sea,WA Salish Sea,NONE,NONE,NONE,NONE,Mainland,intertidal,6/6/2023 13:05
UCSC,Post Point,POP,48.7120018,-122.51913,48.7120018,-122.51913,3080,2019,Summer,SU19,154,6/16/2019,6/16/2019,sea_star,PISOCH,80,6,3,IP,Washington,WA Salish Sea,WA Salish Sea,NONE,NONE,NONE,NONE,Mainland,intertidal,6/6/2023 13:05
UCSC,Post Point,POP,48.7120018,-122.51913,48.7120018,-122.51913,3080,2019,Summer,SU19,154,6/16/2019,6/16/2019,sea_star,PYCHEL,NA,0,3,IP,Washington,WA Salish Sea,WA Salish Sea,NONE,NONE,NONE,NONE,Mainland,intertidal,6/6/2023 13:05
UCSC,Post Point,POP,48.7120018,-122.51913,48.7120018,-122.51913,3080,2020,Summer,SU20,158,6/21/2020,6/21/2020,sea_star,DERIMB,NA,0,3,IP,Washington,WA Salish Sea,WA Salish Sea,NONE,NONE,NONE,NONE,Mainland,intertidal,6/6/2023 13:05
UCSC,Post Point,POP,48.7120018,-122.51913,48.7120018,-122.51913,3080,2020,Summer,SU20,158,6/21/2020,6/21/2020,sea_star,EVATRO,10,2,3,IP,Washington,WA Salish Sea,WA Salish Sea,NONE,NONE,NONE,NONE,Mainland,intertidal,6/6/2023 13:05
UCSC,Post Point,POP,48.7120018,-122.51913,48.7120018,-122.51913,3080,2020,Summer,SU20,158,6/21/2020,6/21/2020,sea_star,EVATRO,NA,0,3,IP,Washington,WA Salish Sea,WA Salish Sea,NONE,NONE,NONE,NONE,Mainland,intertidal,6/6/2023 13:05
UCSC,Post Point,POP,48.7120018,-122.51913,48.7120018,-122.51913,3080,2020,Summer,SU20,158,6/21/2020,6/21/2020,sea_star,HENSPP,NA,0,3,IP,Washington,WA Salish Sea,WA Salish Sea,NONE,NONE,NONE,NONE,Mainland,intertidal,6/6/2023 13:05
UCSC,Post Point,POP,48.7120018,-122.51913,48.7120018,-122.51913,3080,2020,Summer,SU20,158,6/21/2020,6/21/2020,sea_star,LEPTAS,NA,0,3,IP,Washington,WA Salish Sea,WA Salish Sea,NONE,NONE,NONE,NONE,Mainland,intertidal,6/6/2023 13:05
UCSC,Post Point,POP,48.7120018,-122.51913,48.7120018,-122.51913,3080,2020,Summer,SU20,158,6/21/2020,6/21/2020,sea_star,PATMIN,NA,0,3,IP,Washington,WA Salish Sea,WA Salish Sea,NONE,NONE,NONE,NONE,Mainland,intertidal,6/6/2023 13:05
UCSC,Post Point,POP,48.7120018,-122.51913,48.7120018,-122.51913,3080,2020,Summer,SU20,158,6/21/2020,6/21/2020,sea_star,PISBRE,NA,0,3,IP,Washington,WA Salish Sea,WA Salish Sea,NONE,NONE,NONE,NONE,Mainland,intertidal,6/6/2023 13:05
UCSC,Post Point,POP,48.7120018,-122.51913,48.7120018,-122.51913,3080,2020,Summer,SU20,158,6/21/2020,6/21/2020,sea_star,PISGIG,NA,0,3,IP,Washington,WA Salish Sea,WA Salish Sea,NONE,NONE,NONE,NONE,Mainland,intertidal,6/6/2023 13:05
UCSC,Post Point,POP,48.7120018,-122.51913,48.7120018,-122.51913,3080,2020,Summer,SU20,158,6/21/2020,6/21/2020,sea_star,PISOCH,90,3,3,IP,Washington,WA Salish Sea,WA Salish Sea,NONE,NONE,NONE,NONE,Mainland,intertidal,6/6/2023 13:05
UCSC,Post Point,POP,48.7120018,-122.51913,48.7120018,-122.51913,3080,2020,Summer,SU20,158,6/21/2020,6/21/2020,sea_star,PISOCH,100,1,3,IP,Washington,WA Salish Sea,WA Salish Sea,NONE,NONE,NONE,NONE,Mainland,intertidal,6/6/2023 13:05
UCSC,Post Point,POP,48.7120018,-122.51913,48.7120018,-122.51913,3080,2020,Summer,SU20,158,6/21/2020,6/21/2020,sea_star,PISOCH,110,3,3,IP,Washington,WA Salish Sea,WA Salish Sea,NONE,NONE,NONE,NONE,Mainland,intertidal,6/6/2023 13:05
UCSC,Post Point,POP,48.7120018,-122.51913,48.7120018,-122.51913,3080,2020,Summer,SU20,158,6/21/2020,6/21/2020,sea_star,PISOCH,120,1,3,IP,Washington,WA Salish Sea,WA Salish Sea,NONE,NONE,NONE,NONE,Mainland,intertidal,6/6/2023 13:05
UCSC,Post Point,POP,48.7120018,-122.51913,48.7120018,-122.51913,3080,2020,Summer,SU20,158,6/21/2020,6/21/2020,sea_star,PISOCH,5,6,3,IP,Washington,WA Salish Sea,WA Salish Sea,NONE,NONE,NONE,NONE,Mainland,intertidal,6/6/2023 13:05
UCSC,Post Point,POP,48.7120018,-122.51913,48.7120018,-122.51913,3080,2020,Summer,SU20,158,6/21/2020,6/21/2020,sea_star,PISOCH,10,7,3,IP,Washington,WA Salish Sea,WA Salish Sea,NONE,NONE,NONE,NONE,Mainland,intertidal,6/6/2023 13:05
UCSC,Post Point,POP,48.7120018,-122.51913,48.7120018,-122.51913,3080,2020,Summer,SU20,158,6/21/2020,6/21/2020,sea_star,PISOCH,20,25,3,IP,Washington,WA Salish Sea,WA Salish Sea,NONE,NONE,NONE,NONE,Mainland,intertidal,6/6/2023 13:05
UCSC,Post Point,POP,48.7120018,-122.51913,48.7120018,-122.51913,3080,2020,Summer,SU20,158,6/21/2020,6/21/2020,sea_star,PISOCH,NA,0,3,IP,Washington,WA Salish Sea,WA Salish Sea,NONE,NONE,NONE,NONE,Mainland,intertidal,6/6/2023 13:05
UCSC,Post Point,POP,48.7120018,-122.51913,48.7120018,-122.51913,3080,2020,Summer,SU20,158,6/21/2020,6/21/2020,sea_star,PISOCH,30,19,3,IP,Washington,WA Salish Sea,WA Salish Sea,NONE,NONE,NONE,NONE,Mainland,intertidal,6/6/2023 13:05
UCSC,Post Point,POP,48.7120018,-122.51913,48.7120018,-122.51913,3080,2020,Summer,SU20,158,6/21/2020,6/21/2020,sea_star,PISOCH,40,1,3,IP,Washington,WA Salish Sea,WA Salish Sea,NONE,NONE,NONE,NONE,Mainland,intertidal,6/6/2023 13:05
UCSC,Post Point,POP,48.7120018,-122.51913,48.7120018,-122.51913,3080,2020,Summer,SU20,158,6/21/2020,6/21/2020,sea_star,PISOCH,50,3,3,IP,Washington,WA Salish Sea,WA Salish Sea,NONE,NONE,NONE,NONE,Mainland,intertidal,6/6/2023 13:05
UCSC,Post Point,POP,48.7120018,-122.51913,48.7120018,-122.51913,3080,2020,Summer,SU20,158,6/21/2020,6/21/2020,sea_star,PISOCH,60,3,3,IP,Washington,WA Salish Sea,WA Salish Sea,NONE,NONE,NONE,NONE,Mainland,intertidal,6/6/2023 13:05
UCSC,Post Point,POP,48.7120018,-122.51913,48.7120018,-122.51913,3080,2020,Summer,SU20,158,6/21/2020,6/21/2020,sea_star,PISOCH,70,5,3,IP,Washington,WA Salish Sea,WA Salish Sea,NONE,NONE,NONE,NONE,Mainland,intertidal,6/6/2023 13:05
UCSC,Post Point,POP,48.7120018,-122.51913,48.7120018,-122.51913,3080,2020,Summer,SU20,158,6/21/2020,6/21/2020,sea_star,PYCHEL,NA,0,3,IP,Washington,WA Salish Sea,WA Salish Sea,NONE,NONE,NONE,NONE,Mainland,intertidal,6/6/2023 13:05
UCSC,Post Point,POP,48.7120018,-122.51913,48.7120018,-122.51913,3080,2021,Summer,SU21,162,6/14/2021,6/14/2021,sea_star,DERIMB,NA,0,3,IP,Washington,WA Salish Sea,WA Salish Sea,NONE,NONE,NONE,NONE,Mainland,intertidal,6/6/2023 13:05
UCSC,Post Point,POP,48.7120018,-122.51913,48.7120018,-122.51913,3080,2021,Summer,SU21,162,6/14/2021,6/14/2021,sea_star,DERIMB,NM,3,3,IP,Washington,WA Salish Sea,WA Salish Sea,NONE,NONE,NONE,NONE,Mainland,intertidal,6/6/2023 13:05
UCSC,Post Point,POP,48.7120018,-122.51913,48.7120018,-122.51913,3080,2021,Summer,SU21,162,6/14/2021,6/14/2021,sea_star,EVATRO,NA,0,3,IP,Washington,WA Salish Sea,WA Salish Sea,NONE,NONE,NONE,NONE,Mainland,intertidal,6/6/2023 13:05
UCSC,Post Point,POP,48.7120018,-122.51913,48.7120018,-122.51913,3080,2021,Summer,SU21,162,6/14/2021,6/14/2021,sea_star,EVATRO,40,1,3,IP,Washington,WA Salish Sea,WA Salish Sea,NONE,NONE,NONE,NONE,Mainland,intertidal,6/6/2023 13:05
UCSC,Post Point,POP,48.7120018,-122.51913,48.7120018,-122.51913,3080,2021,Summer,SU21,162,6/14/2021,6/14/2021,sea_star,HENSPP,NA,0,3,IP,Washington,WA Salish Sea,WA Salish Sea,NONE,NONE,NONE,NONE,Mainland,intertidal,6/6/2023 13:05
UCSC,Post Point,POP,48.7120018,-122.51913,48.7120018,-122.51913,3080,2021,Summer,SU21,162,6/14/2021,6/14/2021,sea_star,LEPTAS,NA,0,3,IP,Washington,WA Salish Sea,WA Salish Sea,NONE,NONE,NONE,NONE,Mainland,intertidal,6/6/2023 13:05
UCSC,Post Point,POP,48.7120018,-122.51913,48.7120018,-122.51913,3080,2021,Summer,SU21,162,6/14/2021,6/14/2021,sea_star,PATMIN,NA,0,3,IP,Washington,WA Salish Sea,WA Salish Sea,NONE,NONE,NONE,NONE,Mainland,intertidal,6/6/2023 13:05
UCSC,Post Point,POP,48.7120018,-122.51913,48.7120018,-122.51913,3080,2021,Summer,SU21,162,6/14/2021,6/14/2021,sea_star,PISBRE,NA,0,3,IP,Washington,WA Salish Sea,WA Salish Sea,NONE,NONE,NONE,NONE,Mainland,intertidal,6/6/2023 13:05
UCSC,Post Point,POP,48.7120018,-122.51913,48.7120018,-122.51913,3080,2021,Summer,SU21,162,6/14/2021,6/14/2021,sea_star,PISGIG,NA,0,3,IP,Washington,WA Salish Sea,WA Salish Sea,NONE,NONE,NONE,NONE,Mainland,intertidal,6/6/2023 13:05
UCSC,Post Point,POP,48.7120018,-122.51913,48.7120018,-122.51913,3080,2021,Summer,SU21,162,6/14/2021,6/14/2021,sea_star,PISOCH,90,6,3,IP,Washington,WA Salish Sea,WA Salish Sea,NONE,NONE,NONE,NONE,Mainland,intertidal,6/6/2023 13:05
UCSC,Post Point,POP,48.7120018,-122.51913,48.7120018,-122.51913,3080,2021,Summer,SU21,162,6/14/2021,6/14/2021,sea_star,PISOCH,100,1,3,IP,Washington,WA Salish Sea,WA Salish Sea,NONE,NONE,NONE,NONE,Mainland,intertidal,6/6/2023 13:05
UCSC,Post Point,POP,48.7120018,-122.51913,48.7120018,-122.51913,3080,2021,Summer,SU21,162,6/14/2021,6/14/2021,sea_star,PISOCH,110,4,3,IP,Washington,WA Salish Sea,WA Salish Sea,NONE,NONE,NONE,NONE,Mainland,intertidal,6/6/2023 13:05
UCSC,Post Point,POP,48.7120018,-122.51913,48.7120018,-122.51913,3080,2021,Summer,SU21,162,6/14/2021,6/14/2021,sea_star,PISOCH,120,1,3,IP,Washington,WA Salish Sea,WA Salish Sea,NONE,NONE,NONE,NONE,Mainland,intertidal,6/6/2023 13:05
UCSC,Post Point,POP,48.7120018,-122.51913,48.7120018,-122.51913,3080,2021,Summer,SU21,162,6/14/2021,6/14/2021,sea_star,PISOCH,140,1,3,IP,Washington,WA Salish Sea,WA Salish Sea,NONE,NONE,NONE,NONE,Mainland,intertidal,6/6/2023 13:05
UCSC,Post Point,POP,48.7120018,-122.51913,48.7120018,-122.51913,3080,2021,Summer,SU21,162,6/14/2021,6/14/2021,sea_star,PISOCH,10,6,3,IP,Washington,WA Salish Sea,WA Salish Sea,NONE,NONE,NONE,NONE,Mainland,intertidal,6/6/2023 13:05
UCSC,Post Point,POP,48.7120018,-122.51913,48.7120018,-122.51913,3080,2021,Summer,SU21,162,6/14/2021,6/14/2021,sea_star,PISOCH,NA,0,3,IP,Washington,WA Salish Sea,WA Salish Sea,NONE,NONE,NONE,NONE,Mainland,intertidal,6/6/2023 13:05
UCSC,Post Point,POP,48.7120018,-122.51913,48.7120018,-122.51913,3080,2021,Summer,SU21,162,6/14/2021,6/14/2021,sea_star,PISOCH,30,10,3,IP,Washington,WA Salish Sea,WA Salish Sea,NONE,NONE,NONE,NONE,Mainland,intertidal,6/6/2023 13:05
UCSC,Post Point,POP,48.7120018,-122.51913,48.7120018,-122.51913,3080,2021,Summer,SU21,162,6/14/2021,6/14/2021,sea_star,PISOCH,40,15,3,IP,Washington,WA Salish Sea,WA Salish Sea,NONE,NONE,NONE,NONE,Mainland,intertidal,6/6/2023 13:05
UCSC,Post Point,POP,48.7120018,-122.51913,48.7120018,-122.51913,3080,2021,Summer,SU21,162,6/14/2021,6/14/2021,sea_star,PISOCH,50,20,3,IP,Washington,WA Salish Sea,WA Salish Sea,NONE,NONE,NONE,NONE,Mainland,intertidal,6/6/2023 13:05
UCSC,Post Point,POP,48.7120018,-122.51913,48.7120018,-122.51913,3080,2021,Summer,SU21,162,6/14/2021,6/14/2021,sea_star,PISOCH,60,13,3,IP,Washington,WA Salish Sea,WA Salish Sea,NONE,NONE,NONE,NONE,Mainland,intertidal,6/6/2023 13:05
UCSC,Post Point,POP,48.7120018,-122.51913,48.7120018,-122.51913,3080,2021,Summer,SU21,162,6/14/2021,6/14/2021,sea_star,PISOCH,70,2,3,IP,Washington,WA Salish Sea,WA Salish Sea,NONE,NONE,NONE,NONE,Mainland,intertidal,6/6/2023 13:05
UCSC,Post Point,POP,48.7120018,-122.51913,48.7120018,-122.51913,3080,2021,Summer,SU21,162,6/14/2021,6/14/2021,sea_star,PISOCH,80,3,3,IP,Washington,WA Salish Sea,WA Salish Sea,NONE,NONE,NONE,NONE,Mainland,intertidal,6/6/2023 13:05
UCSC,Post Point,POP,48.7120018,-122.51913,48.7120018,-122.51913,3080,2021,Summer,SU21,162,6/14/2021,6/14/2021,sea_star,PYCHEL,NA,0,3,IP,Washington,WA Salish Sea,WA Salish Sea,NONE,NONE,NONE,NONE,Mainland,intertidal,6/6/2023 13:05
UCSC,Post Point,POP,48.7120018,-122.51913,48.7120018,-122.51913,3080,2022,Summer,SU22,166,6/13/2022,6/13/2022,sea_star,DERIMB,NA,0,3,IP,Washington,WA Salish Sea,WA Salish Sea,NONE,NONE,NONE,NONE,Mainland,intertidal,6/6/2023 13:05
UCSC,Post Point,POP,48.7120018,-122.51913,48.7120018,-122.51913,3080,2022,Summer,SU22,166,6/13/2022,6/13/2022,sea_star,DERIMB,NM,2,3,IP,Washington,WA Salish Sea,WA Salish Sea,NONE,NONE,NONE,NONE,Mainland,intertidal,6/6/2023 13:05
UCSC,Post Point,POP,48.7120018,-122.51913,48.7120018,-122.51913,3080,2022,Summer,SU22,166,6/13/2022,6/13/2022,sea_star,EVATRO,10,4,3,IP,Washington,WA Salish Sea,WA Salish Sea,NONE,NONE,NONE,NONE,Mainland,intertidal,6/6/2023 13:05
UCSC,Post Point,POP,48.7120018,-122.51913,48.7120018,-122.51913,3080,2022,Summer,SU22,166,6/13/2022,6/13/2022,sea_star,EVATRO,20,1,3,IP,Washington,WA Salish Sea,WA Salish Sea,NONE,NONE,NONE,NONE,Mainland,intertidal,6/6/2023 13:05
UCSC,Post Point,POP,48.7120018,-122.51913,48.7120018,-122.51913,3080,2022,Summer,SU22,166,6/13/2022,6/13/2022,sea_star,EVATRO,NA,0,3,IP,Washington,WA Salish Sea,WA Salish Sea,NONE,NONE,NONE,NONE,Mainland,intertidal,6/6/2023 13:05
UCSC,Post Point,POP,48.7120018,-122.51913,48.7120018,-122.51913,3080,2022,Summer,SU22,166,6/13/2022,6/13/2022,sea_star,EVATRO,30,4,3,IP,Washington,WA Salish Sea,WA Salish Sea,NONE,NONE,NONE,NONE,Mainland,intertidal,6/6/2023 13:05
UCSC,Post Point,POP,48.7120018,-122.51913,48.7120018,-122.51913,3080,2022,Summer,SU22,166,6/13/2022,6/13/2022,sea_star,HENSPP,NA,0,3,IP,Washington,WA Salish Sea,WA Salish Sea,NONE,NONE,NONE,NONE,Mainland,intertidal,6/6/2023 13:05
UCSC,Post Point,POP,48.7120018,-122.51913,48.7120018,-122.51913,3080,2022,Summer,SU22,166,6/13/2022,6/13/2022,sea_star,LEPTAS,NA,0,3,IP,Washington,WA Salish Sea,WA Salish Sea,NONE,NONE,NONE,NONE,Mainland,intertidal,6/6/2023 13:05
UCSC,Post Point,POP,48.7120018,-122.51913,48.7120018,-122.51913,3080,2022,Summer,SU22,166,6/13/2022,6/13/2022,sea_star,PATMIN,NA,0,3,IP,Washington,WA Salish Sea,WA Salish Sea,NONE,NONE,NONE,NONE,Mainland,intertidal,6/6/2023 13:05
UCSC,Post Point,POP,48.7120018,-122.51913,48.7120018,-122.51913,3080,2022,Summer,SU22,166,6/13/2022,6/13/2022,sea_star,PISBRE,NA,0,3,IP,Washington,WA Salish Sea,WA Salish Sea,NONE,NONE,NONE,NONE,Mainland,intertidal,6/6/2023 13:05
UCSC,Post Point,POP,48.7120018,-122.51913,48.7120018,-122.51913,3080,2022,Summer,SU22,166,6/13/2022,6/13/2022,sea_star,PISGIG,NA,0,3,IP,Washington,WA Salish Sea,WA Salish Sea,NONE,NONE,NONE,NONE,Mainland,intertidal,6/6/2023 13:05
UCSC,Post Point,POP,48.7120018,-122.51913,48.7120018,-122.51913,3080,2022,Summer,SU22,166,6/13/2022,6/13/2022,sea_star,PISOCH,90,1,3,IP,Washington,WA Salish Sea,WA Salish Sea,NONE,NONE,NONE,NONE,Mainland,intertidal,6/6/2023 13:05
UCSC,Post Point,POP,48.7120018,-122.51913,48.7120018,-122.51913,3080,2022,Summer,SU22,166,6/13/2022,6/13/2022,sea_star,PISOCH,130,1,3,IP,Washington,WA Salish Sea,WA Salish Sea,NONE,NONE,NONE,NONE,Mainland,intertidal,6/6/2023 13:05
UCSC,Post Point,POP,48.7120018,-122.51913,48.7120018,-122.51913,3080,2022,Summer,SU22,166,6/13/2022,6/13/2022,sea_star,PISOCH,5,2,3,IP,Washington,WA Salish Sea,WA Salish Sea,NONE,NONE,NONE,NONE,Mainland,intertidal,6/6/2023 13:05
UCSC,Post Point,POP,48.7120018,-122.51913,48.7120018,-122.51913,3080,2022,Summer,SU22,166,6/13/2022,6/13/2022,sea_star,PISOCH,10,15,3,IP,Washington,WA Salish Sea,WA Salish Sea,NONE,NONE,NONE,NONE,Mainland,intertidal,6/6/2023 13:05
UCSC,Post Point,POP,48.7120018,-122.51913,48.7120018,-122.51913,3080,2022,Summer,SU22,166,6/13/2022,6/13/2022,sea_star,PISOCH,20,8,3,IP,Washington,WA Salish Sea,WA Salish Sea,NONE,NONE,NONE,NONE,Mainland,intertidal,6/6/2023 13:05
UCSC,Post Point,POP,48.7120018,-122.51913,48.7120018,-122.51913,3080,2022,Summer,SU22,166,6/13/2022,6/13/2022,sea_star,PISOCH,30,6,3,IP,Washington,WA Salish Sea,WA Salish Sea,NONE,NONE,NONE,NONE,Mainland,intertidal,6/6/2023 13:05
UCSC,Post Point,POP,48.7120018,-122.51913,48.7120018,-122.51913,3080,2022,Summer,SU22,166,6/13/2022,6/13/2022,sea_star,PISOCH,40,7,3,IP,Washington,WA Salish Sea,WA Salish Sea,NONE,NONE,NONE,NONE,Mainland,intertidal,6/6/2023 13:05
UCSC,Post Point,POP,48.7120018,-122.51913,48.7120018,-122.51913,3080,2022,Summer,SU22,166,6/13/2022,6/13/2022,sea_star,PISOCH,50,6,3,IP,Washington,WA Salish Sea,WA Salish Sea,NONE,NONE,NONE,NONE,Mainland,intertidal,6/6/2023 13:05
UCSC,Post Point,POP,48.7120018,-122.51913,48.7120018,-122.51913,3080,2022,Summer,SU22,166,6/13/2022,6/13/2022,sea_star,PISOCH,60,7,3,IP,Washington,WA Salish Sea,WA Salish Sea,NONE,NONE,NONE,NONE,Mainland,intertidal,6/6/2023 13:05
UCSC,Post Point,POP,48.7120018,-122.51913,48.7120018,-122.51913,3080,2022,Summer,SU22,166,6/13/2022,6/13/2022,sea_star,PISOCH,70,10,3,IP,Washington,WA Salish Sea,WA Salish Sea,NONE,NONE,NONE,NONE,Mainland,intertidal,6/6/2023 13:05
UCSC,Post Point,POP,48.7120018,-122.51913,48.7120018,-122.51913,3080,2022,Summer,SU22,166,6/13/2022,6/13/2022,sea_star,PISOCH,80,7,3,IP,Washington,WA Salish Sea,WA Salish Sea,NONE,NONE,NONE,NONE,Mainland,intertidal,6/6/2023 13:05
UCSC,Post Point,POP,48.7120018,-122.51913,48.7120018,-122.51913,3080,2022,Summer,SU22,166,6/13/2022,6/13/2022,sea_star,PYCHEL,NA,0,3,IP,Washington,WA Salish Sea,WA Salish Sea,NONE,NONE,NONE,NONE,Mainland,intertidal,6/6/2023 13:05
UW,Manchester State Park; Central Puget Sound,MAN,47.57688141,-122.54411,47.57688141,-122.54411,3490,2014,Summer,SU14,134,6/28/2014,6/28/2014,sea_star,EVATRO,90,2,2,IP,Washington,WA Salish Sea,WA Salish Sea,NONE,NONE,NONE,NONE,Mainland,intertidal,6/6/2023 13:05
UW,Manchester State Park; Central Puget Sound,MAN,47.57688141,-122.54411,47.57688141,-122.54411,3490,2014,Summer,SU14,134,6/28/2014,6/28/2014,sea_star,EVATRO,NM,4,2,IP,Washington,WA Salish Sea,WA Salish Sea,NONE,NONE,NONE,NONE,Mainland,intertidal,6/6/2023 13:05
UW,Manchester State Park; Central Puget Sound,MAN,47.57688141,-122.54411,47.57688141,-122.54411,3490,2014,Summer,SU14,134,6/28/2014,6/28/2014,sea_star,EVATRO,30,2,2,IP,Washington,WA Salish Sea,WA Salish Sea,NONE,NONE,NONE,NONE,Mainland,intertidal,6/6/2023 13:05
UW,Manchester State Park; Central Puget Sound,MAN,47.57688141,-122.54411,47.57688141,-122.54411,3490,2014,Summer,SU14,134,6/28/2014,6/28/2014,sea_star,EVATRO,40,8,2,IP,Washington,WA Salish Sea,WA Salish Sea,NONE,NONE,NONE,NONE,Mainland,intertidal,6/6/2023 13:05
UW,Manchester State Park; Central Puget Sound,MAN,47.57688141,-122.54411,47.57688141,-122.54411,3490,2014,Summer,SU14,134,6/28/2014,6/28/2014,sea_star,EVATRO,50,2,2,IP,Washington,WA Salish Sea,WA Salish Sea,NONE,NONE,NONE,NONE,Mainland,intertidal,6/6/2023 13:05
UW,Manchester State Park; Central Puget Sound,MAN,47.57688141,-122.54411,47.57688141,-122.54411,3490,2014,Summer,SU14,134,6/28/2014,6/28/2014,sea_star,EVATRO,60,2,2,IP,Washington,WA Salish Sea,WA Salish Sea,NONE,NONE,NONE,NONE,Mainland,intertidal,6/6/2023 13:05
UW,Manchester State Park; Central Puget Sound,MAN,47.57688141,-122.54411,47.57688141,-122.54411,3490,2014,Summer,SU14,134,6/28/2014,6/28/2014,sea_star,EVATRO,70,1,2,IP,Washington,WA Salish Sea,WA Salish Sea,NONE,NONE,NONE,NONE,Mainland,intertidal,6/6/2023 13:05
UW,Manchester State Park; Central Puget Sound,MAN,47.57688141,-122.54411,47.57688141,-122.54411,3490,2014,Summer,SU14,134,6/28/2014,6/28/2014,sea_star,EVATRO,80,1,2,IP,Washington,WA Salish Sea,WA Salish Sea,NONE,NONE,NONE,NONE,Mainland,intertidal,6/6/2023 13:05
UW,Manchester State Park; Central Puget Sound,MAN,47.57688141,-122.54411,47.57688141,-122.54411,3490,2014,Summer,SU14,134,6/28/2014,6/28/2014,sea_star,PISOCH,90,4,2,IP,Washington,WA Salish Sea,WA Salish Sea,NONE,NONE,NONE,NONE,Mainland,intertidal,6/6/2023 13:05
UW,Manchester State Park; Central Puget Sound,MAN,47.57688141,-122.54411,47.57688141,-122.54411,3490,2014,Summer,SU14,134,6/28/2014,6/28/2014,sea_star,PISOCH,100,3,2,IP,Washington,WA Salish Sea,WA Salish Sea,NONE,NONE,NONE,NONE,Mainland,intertidal,6/6/2023 13:05
UW,Manchester State Park; Central Puget Sound,MAN,47.57688141,-122.54411,47.57688141,-122.54411,3490,2014,Summer,SU14,134,6/28/2014,6/28/2014,sea_star,PISOCH,120,2,2,IP,Washington,WA Salish Sea,WA Salish Sea,NONE,NONE,NONE,NONE,Mainland,intertidal,6/6/2023 13:05
UW,Manchester State Park; Central Puget Sound,MAN,47.57688141,-122.54411,47.57688141,-122.54411,3490,2014,Summer,SU14,134,6/28/2014,6/28/2014,sea_star,PISOCH,5,3,2,IP,Washington,WA Salish Sea,WA Salish Sea,NONE,NONE,NONE,NONE,Mainland,intertidal,6/6/2023 13:05
UW,Manchester State Park; Central Puget Sound,MAN,47.57688141,-122.54411,47.57688141,-122.54411,3490,2014,Summer,SU14,134,6/28/2014,6/28/2014,sea_star,PISOCH,10,22,2,IP,Washington,WA Salish Sea,WA Salish Sea,NONE,NONE,NONE,NONE,Mainland,intertidal,6/6/2023 13:05
UW,Manchester State Park; Central Puget Sound,MAN,47.57688141,-122.54411,47.57688141,-122.54411,3490,2014,Summer,SU14,134,6/28/2014,6/28/2014,sea_star,PISOCH,20,116,2,IP,Washington,WA Salish Sea,WA Salish Sea,NONE,NONE,NONE,NONE,Mainland,intertidal,6/6/2023 13:05
UW,Manchester State Park; Central Puget Sound,MAN,47.57688141,-122.54411,47.57688141,-122.54411,3490,2014,Summer,SU14,134,6/28/2014,6/28/2014,sea_star,PISOCH,NM,42,2,IP,Washington,WA Salish Sea,WA Salish Sea,NONE,NONE,NONE,NONE,Mainland,intertidal,6/6/2023 13:05
UW,Manchester State Park; Central Puget Sound,MAN,47.57688141,-122.54411,47.57688141,-122.54411,3490,2014,Summer,SU14,134,6/28/2014,6/28/2014,sea_star,PISOCH,30,28,2,IP,Washington,WA Salish Sea,WA Salish Sea,NONE,NONE,NONE,NONE,Mainland,intertidal,6/6/2023 13:05
UW,Manchester State Park; Central Puget Sound,MAN,47.57688141,-122.54411,47.57688141,-122.54411,3490,2014,Summer,SU14,134,6/28/2014,6/28/2014,sea_star,PISOCH,40,5,2,IP,Washington,WA Salish Sea,WA Salish Sea,NONE,NONE,NONE,NONE,Mainland,intertidal,6/6/2023 13:05
UW,Manchester State Park; Central Puget Sound,MAN,47.57688141,-122.54411,47.57688141,-122.54411,3490,2014,Summer,SU14,134,6/28/2014,6/28/2014,sea_star,PISOCH,60,1,2,IP,Washington,WA Salish Sea,WA Salish Sea,NONE,NONE,NONE,NONE,Mainland,intertidal,6/6/2023 13:05
UW,Manchester State Park; Central Puget Sound,MAN,47.57688141,-122.54411,47.57688141,-122.54411,3490,2014,Summer,SU14,134,6/28/2014,6/28/2014,sea_star,PISOCH,70,1,2,IP,Washington,WA Salish Sea,WA Salish Sea,NONE,NONE,NONE,NONE,Mainland,intertidal,6/6/2023 13:05
UW,Manchester State Park; Central Puget Sound,MAN,47.57688141,-122.54411,47.57688141,-122.54411,3490,2014,Summer,SU14,134,6/28/2014,6/28/2014,sea_star,PISOCH,80,6,2,IP,Washington,WA Salish Sea,WA Salish Sea,NONE,NONE,NONE,NONE,Mainland,intertidal,6/6/2023 13:05
UW,Manchester State Park; Central Puget Sound,MAN,47.57688141,-122.54411,47.57688141,-122.54411,3490,2014,Summer,SU14,134,6/28/2014,6/28/2014,sea_star,PYCHEL,50,1,2,IP,Washington,WA Salish Sea,WA Salish Sea,NONE,NONE,NONE,NONE,Mainland,intertidal,6/6/2023 13:05
UW,Manchester State Park; Central Puget Sound,MAN,47.57688141,-122.54411,47.57688141,-122.54411,3490,2015,Summer,SU15,138,7/1/2015,7/1/2015,sea_star,EVATRO,NM,14,2,IP,Washington,WA Salish Sea,WA Salish Sea,NONE,NONE,NONE,NONE,Mainland,intertidal,6/6/2023 13:05
UW,Manchester State Park; Central Puget Sound,MAN,47.57688141,-122.54411,47.57688141,-122.54411,3490,2015,Summer,SU15,138,7/1/2015,7/1/2015,sea_star,PISOCH,NM,138,2,IP,Washington,WA Salish Sea,WA Salish Sea,NONE,NONE,NONE,NONE,Mainland,intertidal,6/6/2023 13:05
UW,Manchester State Park; Central Puget Sound,MAN,47.57688141,-122.54411,47.57688141,-122.54411,3490,2016,Summer,SU16,142,7/1/2016,7/1/2016,sea_star,EVATRO,90,1,2,IP,Washington,WA Salish Sea,WA Salish Sea,NONE,NONE,NONE,NONE,Mainland,intertidal,6/6/2023 13:05
UW,Manchester State Park; Central Puget Sound,MAN,47.57688141,-122.54411,47.57688141,-122.54411,3490,2016,Summer,SU16,142,7/1/2016,7/1/2016,sea_star,EVATRO,100,2,2,IP,Washington,WA Salish Sea,WA Salish Sea,NONE,NONE,NONE,NONE,Mainland,intertidal,6/6/2023 13:05
UW,Manchester State Park; Central Puget Sound,MAN,47.57688141,-122.54411,47.57688141,-122.54411,3490,2016,Summer,SU16,142,7/1/2016,7/1/2016,sea_star,EVATRO,20,1,2,IP,Washington,WA Salish Sea,WA Salish Sea,NONE,NONE,NONE,NONE,Mainland,intertidal,6/6/2023 13:05
UW,Manchester State Park; Central Puget Sound,MAN,47.57688141,-122.54411,47.57688141,-122.54411,3490,2016,Summer,SU16,142,7/1/2016,7/1/2016,sea_star,EVATRO,40,1,2,IP,Washington,WA Salish Sea,WA Salish Sea,NONE,NONE,NONE,NONE,Mainland,intertidal,6/6/2023 13:05
UW,Manchester State Park; Central Puget Sound,MAN,47.57688141,-122.54411,47.57688141,-122.54411,3490,2016,Summer,SU16,142,7/1/2016,7/1/2016,sea_star,EVATRO,50,5,2,IP,Washington,WA Salish Sea,WA Salish Sea,NONE,NONE,NONE,NONE,Mainland,intertidal,6/6/2023 13:05
UW,Manchester State Park; Central Puget Sound,MAN,47.57688141,-122.54411,47.57688141,-122.54411,3490,2016,Summer,SU16,142,7/1/2016,7/1/2016,sea_star,EVATRO,70,1,2,IP,Washington,WA Salish Sea,WA Salish Sea,NONE,NONE,NONE,NONE,Mainland,intertidal,6/6/2023 13:05
UW,Manchester State Park; Central Puget Sound,MAN,47.57688141,-122.54411,47.57688141,-122.54411,3490,2016,Summer,SU16,142,7/1/2016,7/1/2016,sea_star,PISOCH,100,1,2,IP,Washington,WA Salish Sea,WA Salish Sea,NONE,NONE,NONE,NONE,Mainland,intertidal,6/6/2023 13:05
UW,Manchester State Park; Central Puget Sound,MAN,47.57688141,-122.54411,47.57688141,-122.54411,3490,2016,Summer,SU16,142,7/1/2016,7/1/2016,sea_star,PISOCH,120,1,2,IP,Washington,WA Salish Sea,WA Salish Sea,NONE,NONE,NONE,NONE,Mainland,intertidal,6/6/2023 13:05
UW,Manchester State Park; Central Puget Sound,MAN,47.57688141,-122.54411,47.57688141,-122.54411,3490,2016,Summer,SU16,142,7/1/2016,7/1/2016,sea_star,PISOCH,130,2,2,IP,Washington,WA Salish Sea,WA Salish Sea,NONE,NONE,NONE,NONE,Mainland,intertidal,6/6/2023 13:05
UW,Manchester State Park; Central Puget Sound,MAN,47.57688141,-122.54411,47.57688141,-122.54411,3490,2016,Summer,SU16,142,7/1/2016,7/1/2016,sea_star,PISOCH,150,1,2,IP,Washington,WA Salish Sea,WA Salish Sea,NONE,NONE,NONE,NONE,Mainland,intertidal,6/6/2023 13:05
UW,Manchester State Park; Central Puget Sound,MAN,47.57688141,-122.54411,47.57688141,-122.54411,3490,2016,Summer,SU16,142,7/1/2016,7/1/2016,sea_star,PISOCH,20,1,2,IP,Washington,WA Salish Sea,WA Salish Sea,NONE,NONE,NONE,NONE,Mainland,intertidal,6/6/2023 13:05
UW,Manchester State Park; Central Puget Sound,MAN,47.57688141,-122.54411,47.57688141,-122.54411,3490,2016,Summer,SU16,142,7/1/2016,7/1/2016,sea_star,PISOCH,30,2,2,IP,Washington,WA Salish Sea,WA Salish Sea,NONE,NONE,NONE,NONE,Mainland,intertidal,6/6/2023 13:05
UW,Manchester State Park; Central Puget Sound,MAN,47.57688141,-122.54411,47.57688141,-122.54411,3490,2016,Summer,SU16,142,7/1/2016,7/1/2016,sea_star,PISOCH,40,1,2,IP,Washington,WA Salish Sea,WA Salish Sea,NONE,NONE,NONE,NONE,Mainland,intertidal,6/6/2023 13:05
UW,Manchester State Park; Central Puget Sound,MAN,47.57688141,-122.54411,47.57688141,-122.54411,3490,2016,Summer,SU16,142,7/1/2016,7/1/2016,sea_star,PISOCH,50,3,2,IP,Washington,WA Salish Sea,WA Salish Sea,NONE,NONE,NONE,NONE,Mainland,intertidal,6/6/2023 13:05
UW,Manchester State Park; Central Puget Sound,MAN,47.57688141,-122.54411,47.57688141,-122.54411,3490,2016,Summer,SU16,142,7/1/2016,7/1/2016,sea_star,PISOCH,60,3,2,IP,Washington,WA Salish Sea,WA Salish Sea,NONE,NONE,NONE,NONE,Mainland,intertidal,6/6/2023 13:05
UW,Manchester State Park; Central Puget Sound,MAN,47.57688141,-122.54411,47.57688141,-122.54411,3490,2016,Summer,SU16,142,7/1/2016,7/1/2016,sea_star,PISOCH,70,7,2,IP,Washington,WA Salish Sea,WA Salish Sea,NONE,NONE,NONE,NONE,Mainland,intertidal,6/6/2023 13:05
UW,Manchester State Park; Central Puget Sound,MAN,47.57688141,-122.54411,47.57688141,-122.54411,3490,2017,Summer,SU17,146,6/24/2017,6/24/2017,sea_star,EVATRO,NA,0,2,IP,Washington,WA Salish Sea,WA Salish Sea,NONE,NONE,NONE,NONE,Mainland,intertidal,6/6/2023 13:05
UW,Manchester State Park; Central Puget Sound,MAN,47.57688141,-122.54411,47.57688141,-122.54411,3490,2017,Summer,SU17,146,6/24/2017,6/24/2017,sea_star,LEPTAS,NA,0,2,IP,Washington,WA Salish Sea,WA Salish Sea,NONE,NONE,NONE,NONE,Mainland,intertidal,6/6/2023 13:05
UW,Manchester State Park; Central Puget Sound,MAN,47.57688141,-122.54411,47.57688141,-122.54411,3490,2017,Summer,SU17,146,6/24/2017,6/24/2017,sea_star,PISOCH,90,2,2,IP,Washington,WA Salish Sea,WA Salish Sea,NONE,NONE,NONE,NONE,Mainland,intertidal,6/6/2023 13:05
UW,Manchester State Park; Central Puget Sound,MAN,47.57688141,-122.54411,47.57688141,-122.54411,3490,2017,Summer,SU17,146,6/24/2017,6/24/2017,sea_star,PISOCH,100,2,2,IP,Washington,WA Salish Sea,WA Salish Sea,NONE,NONE,NONE,NONE,Mainland,intertidal,6/6/2023 13:05
UW,Manchester State Park; Central Puget Sound,MAN,47.57688141,-122.54411,47.57688141,-122.54411,3490,2017,Summer,SU17,146,6/24/2017,6/24/2017,sea_star,PISOCH,110,1,2,IP,Washington,WA Salish Sea,WA Salish Sea,NONE,NONE,NONE,NONE,Mainland,intertidal,6/6/2023 13:05
UW,Manchester State Park; Central Puget Sound,MAN,47.57688141,-122.54411,47.57688141,-122.54411,3490,2017,Summer,SU17,146,6/24/2017,6/24/2017,sea_star,PISOCH,120,1,2,IP,Washington,WA Salish Sea,WA Salish Sea,NONE,NONE,NONE,NONE,Mainland,intertidal,6/6/2023 13:05
UW,Manchester State Park; Central Puget Sound,MAN,47.57688141,-122.54411,47.57688141,-122.54411,3490,2017,Summer,SU17,146,6/24/2017,6/24/2017,sea_star,PISOCH,80,1,2,IP,Washington,WA Salish Sea,WA Salish Sea,NONE,NONE,NONE,NONE,Mainland,intertidal,6/6/2023 13:05
UW,Manchester State Park; Central Puget Sound,MAN,47.57688141,-122.54411,47.57688141,-122.54411,3490,2017,Summer,SU17,146,6/24/2017,6/24/2017,sea_star,PYCHEL,NA,0,2,IP,Washington,WA Salish Sea,WA Salish Sea,NONE,NONE,NONE,NONE,Mainland,intertidal,6/6/2023 13:05
UW,Manchester State Park; Central Puget Sound,MAN,47.57688141,-122.54411,47.57688141,-122.54411,3490,2018,Summer,SU18,150,6/27/2018,6/27/2018,sea_star,EVATRO,NA,0,2,IP,Washington,WA Salish Sea,WA Salish Sea,NONE,NONE,NONE,NONE,Mainland,intertidal,6/6/2023 13:05
UW,Manchester State Park; Central Puget Sound,MAN,47.57688141,-122.54411,47.57688141,-122.54411,3490,2018,Summer,SU18,150,6/27/2018,6/27/2018,sea_star,PISOCH,NA,0,2,IP,Washington,WA Salish Sea,WA Salish Sea,NONE,NONE,NONE,NONE,Mainland,intertidal,6/6/2023 13:05
UW,Manchester State Park; Central Puget Sound,MAN,47.57688141,-122.54411,47.57688141,-122.54411,3490,2018,Summer,SU18,150,6/27/2018,6/27/2018,sea_star,PISOCH,60,1,2,IP,Washington,WA Salish Sea,WA Salish Sea,NONE,NONE,NONE,NONE,Mainland,intertidal,6/6/2023 13:05
UW,Manchester State Park; Central Puget Sound,MAN,47.57688141,-122.54411,47.57688141,-122.54411,3490,2018,Summer,SU18,150,6/27/2018,6/27/2018,sea_star,PISOCH,70,1,2,IP,Washington,WA Salish Sea,WA Salish Sea,NONE,NONE,NONE,NONE,Mainland,intertidal,6/6/2023 13:05
UW,Manchester State Park; Central Puget Sound,MAN,47.57688141,-122.54411,47.57688141,-122.54411,3490,2018,Summer,SU18,150,6/27/2018,6/27/2018,sea_star,PISOCH,80,2,2,IP,Washington,WA Salish Sea,WA Salish Sea,NONE,NONE,NONE,NONE,Mainland,intertidal,6/6/2023 13:05
UW,Manchester State Park; Central Puget Sound,MAN,47.57688141,-122.54411,47.57688141,-122.54411,3490,2019,Summer,SU19,154,6/30/2019,6/30/2019,sea_star,EVATRO,NA,0,2,IP,Washington,WA Salish Sea,WA Salish Sea,NONE,NONE,NONE,NONE,Mainland,intertidal,6/6/2023 13:05
UW,Manchester State Park; Central Puget Sound,MAN,47.57688141,-122.54411,47.57688141,-122.54411,3490,2019,Summer,SU19,154,6/30/2019,6/30/2019,sea_star,EVATRO,30,1,2,IP,Washington,WA Salish Sea,WA Salish Sea,NONE,NONE,NONE,NONE,Mainland,intertidal,6/6/2023 13:05
UW,Manchester State Park; Central Puget Sound,MAN,47.57688141,-122.54411,47.57688141,-122.54411,3490,2019,Summer,SU19,154,6/30/2019,6/30/2019,sea_star,EVATRO,40,1,2,IP,Washington,WA Salish Sea,WA Salish Sea,NONE,NONE,NONE,NONE,Mainland,intertidal,6/6/2023 13:05
UW,Manchester State Park; Central Puget Sound,MAN,47.57688141,-122.54411,47.57688141,-122.54411,3490,2019,Summer,SU19,154,6/30/2019,6/30/2019,sea_star,LEPTAS,NA,0,2,IP,Washington,WA Salish Sea,WA Salish Sea,NONE,NONE,NONE,NONE,Mainland,intertidal,6/6/2023 13:05
UW,Manchester State Park; Central Puget Sound,MAN,47.57688141,-122.54411,47.57688141,-122.54411,3490,2019,Summer,SU19,154,6/30/2019,6/30/2019,sea_star,PISOCH,40,1,2,IP,Washington,WA Salish Sea,WA Salish Sea,NONE,NONE,NONE,NONE,Mainland,intertidal,6/6/2023 13:05
UW,Manchester State Park; Central Puget Sound,MAN,47.57688141,-122.54411,47.57688141,-122.54411,3490,2019,Summer,SU19,154,6/30/2019,6/30/2019,sea_star,PISOCH,80,1,2,IP,Washington,WA Salish Sea,WA Salish Sea,NONE,NONE,NONE,NONE,Mainland,intertidal,6/6/2023 13:05
UW,Manchester State Park; Central Puget Sound,MAN,47.57688141,-122.54411,47.57688141,-122.54411,3490,2019,Summer,SU19,154,6/30/2019,6/30/2019,sea_star,PYCHEL,NA,0,2,IP,Washington,WA Salish Sea,WA Salish Sea,NONE,NONE,NONE,NONE,Mainland,intertidal,6/6/2023 13:05
UW,Manchester State Park; Central Puget Sound,MAN,47.57688141,-122.54411,47.57688141,-122.54411,3490,2020,Summer,SU20,158,6/23/2020,6/23/2020,sea_star,LEPTAS,NA,0,2,IP,Washington,WA Salish Sea,WA Salish Sea,NONE,NONE,NONE,NONE,Mainland,intertidal,6/6/2023 13:05
UW,Manchester State Park; Central Puget Sound,MAN,47.57688141,-122.54411,47.57688141,-122.54411,3490,2020,Summer,SU20,158,6/23/2020,6/23/2020,sea_star,PISOCH,NA,0,2,IP,Washington,WA Salish Sea,WA Salish Sea,NONE,NONE,NONE,NONE,Mainland,intertidal,6/6/2023 13:05
UW,Manchester State Park; Central Puget Sound,MAN,47.57688141,-122.54411,47.57688141,-122.54411,3490,2020,Summer,SU20,158,6/23/2020,6/23/2020,sea_star,PISOCH,60,1,2,IP,Washington,WA Salish Sea,WA Salish Sea,NONE,NONE,NONE,NONE,Mainland,intertidal,6/6/2023 13:05
UW,Manchester State Park; Central Puget Sound,MAN,47.57688141,-122.54411,47.57688141,-122.54411,3490,2020,Summer,SU20,158,6/23/2020,6/23/2020,sea_star,PYCHEL,NA,0,2,IP,Washington,WA Salish Sea,WA Salish Sea,NONE,NONE,NONE,NONE,Mainland,intertidal,6/6/2023 13:05
UW,Manchester State Park; Central Puget Sound,MAN,47.57688141,-122.54411,47.57688141,-122.54411,3490,2021,Summer,SU21,162,6/22/2021,6/22/2021,sea_star,LEPTAS,NA,0,2,IP,Washington,WA Salish Sea,WA Salish Sea,NONE,NONE,NONE,NONE,Mainland,intertidal,6/6/2023 13:05
UW,Manchester State Park; Central Puget Sound,MAN,47.57688141,-122.54411,47.57688141,-122.54411,3490,2021,Summer,SU21,162,6/22/2021,6/22/2021,sea_star,PISOCH,120,1,2,IP,Washington,WA Salish Sea,WA Salish Sea,NONE,NONE,NONE,NONE,Mainland,intertidal,6/6/2023 13:05
UW,Manchester State Park; Central Puget Sound,MAN,47.57688141,-122.54411,47.57688141,-122.54411,3490,2021,Summer,SU21,162,6/22/2021,6/22/2021,sea_star,PISOCH,130,1,2,IP,Washington,WA Salish Sea,WA Salish Sea,NONE,NONE,NONE,NONE,Mainland,intertidal,6/6/2023 13:05
UW,Manchester State Park; Central Puget Sound,MAN,47.57688141,-122.54411,47.57688141,-122.54411,3490,2021,Summer,SU21,162,6/22/2021,6/22/2021,sea_star,PISOCH,200,1,2,IP,Washington,WA Salish Sea,WA Salish Sea,NONE,NONE,NONE,NONE,Mainland,intertidal,6/6/2023 13:05
UW,Manchester State Park; Central Puget Sound,MAN,47.57688141,-122.54411,47.57688141,-122.54411,3490,2021,Summer,SU21,162,6/22/2021,6/22/2021,sea_star,PISOCH,NA,0,2,IP,Washington,WA Salish Sea,WA Salish Sea,NONE,NONE,NONE,NONE,Mainland,intertidal,6/6/2023 13:05
UW,Manchester State Park; Central Puget Sound,MAN,47.57688141,-122.54411,47.57688141,-122.54411,3490,2021,Summer,SU21,162,6/22/2021,6/22/2021,sea_star,PYCHEL,NA,0,2,IP,Washington,WA Salish Sea,WA Salish Sea,NONE,NONE,NONE,NONE,Mainland,intertidal,6/6/2023 13:05
UW,Manchester State Park; Central Puget Sound,MAN,47.57688141,-122.54411,47.57688141,-122.54411,3490,2022,Summer,SU22,166,6/27/2022,6/27/2022,sea_star,EVATRO,20,4,2,IP,Washington,WA Salish Sea,WA Salish Sea,NONE,NONE,NONE,NONE,Mainland,intertidal,6/6/2023 13:05
UW,Manchester State Park; Central Puget Sound,MAN,47.57688141,-122.54411,47.57688141,-122.54411,3490,2022,Summer,SU22,166,6/27/2022,6/27/2022,sea_star,EVATRO,30,13,2,IP,Washington,WA Salish Sea,WA Salish Sea,NONE,NONE,NONE,NONE,Mainland,intertidal,6/6/2023 13:05
UW,Manchester State Park; Central Puget Sound,MAN,47.57688141,-122.54411,47.57688141,-122.54411,3490,2022,Summer,SU22,166,6/27/2022,6/27/2022,sea_star,EVATRO,40,7,2,IP,Washington,WA Salish Sea,WA Salish Sea,NONE,NONE,NONE,NONE,Mainland,intertidal,6/6/2023 13:05
UW,Manchester State Park; Central Puget Sound,MAN,47.57688141,-122.54411,47.57688141,-122.54411,3490,2022,Summer,SU22,166,6/27/2022,6/27/2022,sea_star,EVATRO,60,1,2,IP,Washington,WA Salish Sea,WA Salish Sea,NONE,NONE,NONE,NONE,Mainland,intertidal,6/6/2023 13:05
UW,Manchester State Park; Central Puget Sound,MAN,47.57688141,-122.54411,47.57688141,-122.54411,3490,2022,Summer,SU22,166,6/27/2022,6/27/2022,sea_star,PISOCH,160,1,2,IP,Washington,WA Salish Sea,WA Salish Sea,NONE,NONE,NONE,NONE,Mainland,intertidal,6/6/2023 13:05
UW,Manchester State Park; Central Puget Sound,MAN,47.57688141,-122.54411,47.57688141,-122.54411,3490,2022,Summer,SU22,166,6/27/2022,6/27/2022,sea_star,PISOCH,20,4,2,IP,Washington,WA Salish Sea,WA Salish Sea,NONE,NONE,NONE,NONE,Mainland,intertidal,6/6/2023 13:05
UW,Manchester State Park; Central Puget Sound,MAN,47.57688141,-122.54411,47.57688141,-122.54411,3490,2022,Summer,SU22,166,6/27/2022,6/27/2022,sea_star,PISOCH,30,4,2,IP,Washington,WA Salish Sea,WA Salish Sea,NONE,NONE,NONE,NONE,Mainland,intertidal,6/6/2023 13:05
